Year,Month,Day,Day of Week,Hour of Day,temp,feelslike,dew,humidity,precip,precipprob,preciptype,snow,snowdepth,windgust,windspeed,winddir,sealevelpressure,cloudcover,visibility,solarradiation,solarenergy,uvindex,severerisk,Price.ARKANSAS.HUB,Price.INDIANA.HUB,Price.LOUISIANA.HUB,Price.MICHIGAN.HUB,Price.MINN.HUB,Price.MS.HUB,Price.TEXAS.HUB,Price.Day-Ahead,Forecast_load,Price.ILLINOIS.HUB
2022,10,1,5,0,52.3,52.3,46.9,81.91,0.0,0,,0,0,15.2,9.7,29,1020.2,0.0,9.9,0,,0,10,55.54,53.7,60.09,52.75,12.27,59.55,58.16,40.31,59380.0,42.16
2022,10,1,5,1,50.6,50.6,46.9,87.11,0.0,0,,0,0,14.3,8.7,30,1020.2,0.0,9.9,0,,0,10,37.43,37.67,40.11,37.18,10.19,39.69,38.92,39.08,56833.0,31.82
2022,10,1,5,2,49.5,46.0,46.9,90.52,0.0,0,,0,0,13.0,8.6,39,1020.3,0.0,9.9,0,,0,10,37.04,38.32,39.3,37.88,19.15,38.76,38.31,37.62,57252.0,34.43
2022,10,1,5,3,48.4,44.9,46.0,91.29,0.0,0,,0,0,12.8,7.8,39,1020.2,0.0,9.9,0,,0,10,38.67,41.5,40.51,41.29,31.16,39.82,39.8,40.17,56916.0,39.85
2022,10,1,5,4,46.8,43.5,44.2,90.49,0.0,0,,0,0,13.2,6.6,30,1020.3,0.0,9.5,0,,0,10,41.55,44.49,43.39,44.16,37.96,42.75,42.65,41.56,56696.0,42.98
2022,10,1,5,5,45.9,42.9,43.2,90.27,0.0,0,,0,0,13.2,5.8,27,1020.8,0.0,9.5,0,,0,10,43.94,47.22,45.84,46.8,40.83,45.19,45.05,44.87,57236.0,45.77
2022,10,1,5,6,43.3,38.8,41.5,93.2,0.0,0,,0,0,13.0,7.7,2,1021.2,0.0,8.4,0,,0,10,48.61,52.61,50.7,52.0,45.89,50.04,49.78,42.04,57435.0,51.22
2022,10,1,5,7,43.4,38.9,41.5,92.9,0.0,0,,0,0,12.5,7.8,1,1021.6,0.0,9.5,13,0.0,0,10,42.56,45.94,44.48,45.34,40.63,43.8,43.73,40.91,58586.0,44.77
2022,10,1,5,8,49.8,47.0,45.1,83.61,0.0,0,,0,0,12.8,7.1,11,1021.9,3.9,9.9,103,0.4,1,10,41.64,44.61,43.56,44.0,39.96,42.76,43.01,45.07,59663.0,43.49
2022,10,1,5,9,56.6,56.6,45.4,66.02,0.0,0,,0,0,16.6,10.0,21,1022.1,0.0,9.9,314,1.1,3,10,49.16,52.98,51.36,52.14,48.99,50.57,50.57,49.19,62267.0,51.91
2022,10,1,5,10,61.9,61.9,45.8,55.54,0.0,0,,0,0,19.2,10.6,32,1022.2,0.0,9.9,475,1.7,5,10,48.39,52.28,50.56,51.39,48.58,49.9,49.68,46.23,62488.0,51.14
2022,10,1,5,11,66.5,66.5,43.7,43.68,0.0,0,,0,0,19.1,12.6,39,1022.0,0.0,9.9,602,2.2,6,10,47.41,50.59,50.03,49.65,46.86,48.95,49.3,46.35,63080.0,49.26
2022,10,1,5,12,68.9,68.9,41.9,37.51,0.0,0,,0,0,18.3,12.8,21,1022.0,0.0,9.9,672,2.4,7,10,44.11,46.82,46.86,46.01,42.51,45.64,46.24,43.99,63393.0,45.45
2022,10,1,5,13,71.6,71.6,39.9,31.73,0.0,0,,0,0,14.1,13.3,12,1021.6,0.0,9.9,681,2.5,7,10,45.45,47.77,48.52,46.73,42.74,47.0,47.98,44.44,63536.0,46.35
2022,10,1,5,14,73.6,73.6,40.7,30.5,0.0,0,,0,0,19.1,11.4,22,1021.1,0.0,9.9,627,2.3,6,10,50.02,52.19,53.53,51.01,46.5,51.76,52.99,43.1,63862.0,50.59
2022,10,1,5,15,73.8,73.8,39.8,29.28,0.0,0,,0,0,20.1,12.2,28,1020.4,0.0,9.9,506,1.8,5,10,54.54,57.18,58.12,55.86,50.68,56.44,57.29,44.62,64396.0,55.3
2022,10,1,5,16,74.4,74.4,41.4,30.48,0.0,0,,0,0,19.6,10.4,11,1020.2,0.0,9.9,356,1.3,4,10,49.27,51.41,52.54,50.18,45.71,50.98,51.63,47.35,65158.0,49.65
2022,10,1,5,17,73.3,73.3,43.7,34.65,0.0,0,,0,0,19.4,11.4,11,1020.4,0.0,9.9,160,0.6,2,10,51.77,53.95,55.15,52.63,48.47,53.5,54.03,52.65,66114.0,52.21
2022,10,1,5,18,69.3,69.3,43.1,38.73,0.0,0,,0,0,17.2,12.3,29,1020.8,0.0,9.9,27,0.1,0,10,52.68,55.42,55.8,54.08,49.73,54.42,54.48,52.2,67043.0,53.67
2022,10,1,5,19,64.1,64.1,40.3,41.67,0.0,0,,0,0,15.7,9.1,10,1021.2,0.0,9.9,7,0.0,0,10,47.0,49.91,49.78,48.76,43.96,48.63,48.6,44.78,67413.0,48.09
2022,10,1,5,20,60.4,60.4,37.3,42.18,0.0,0,,0,0,17.2,9.2,11,1021.5,0.0,9.9,0,,0,10,39.33,40.19,42.01,39.03,35.9,40.81,41.17,37.1,67147.0,37.42
2022,10,1,5,21,58.3,58.3,39.5,49.59,0.0,0,,0,0,18.3,10.1,10,1022.1,0.0,9.9,0,,0,10,39.34,39.71,42.18,38.68,33.26,41.11,41.17,30.82,65509.0,35.99
2022,10,1,5,22,56.3,56.3,43.6,62.19,0.0,0,,0,0,17.2,10.8,10,1022.6,0.0,9.9,0,,0,10,38.45,32.31,42.23,30.31,20.92,42.11,40.37,30.6,63052.0,21.08
2022,10,1,5,23,55.3,55.3,46.9,73.48,0.0,0,,0,0,17.2,10.5,18,1022.9,0.0,9.9,0,,0,10,,,,,,,,26.91,60090.0,
2022,10,2,6,0,55.2,55.2,48.6,78.38,0.0,0,,0,0,16.8,10.6,26,1022.9,0.0,9.9,0,,0,10,23.79,20.74,25.51,19.76,13.07,25.25,24.8,25.61,57188.0,15.97
2022,10,2,6,1,54.4,54.4,48.8,81.26,0.0,0,,0,0,15.9,9.7,28,1022.7,0.0,9.9,0,,0,10,31.53,29.93,33.6,28.89,23.03,33.14,32.86,24.1,55123.0,25.02
2022,10,2,6,2,53.5,53.5,49.9,87.65,0.0,0,,0,0,14.5,11.7,29,1022.9,0.0,9.9,0,,0,10,29.68,28.86,31.38,28.02,22.87,30.93,30.76,25.37,54587.0,25.07
2022,10,2,6,3,53.3,53.3,49.8,88.05,0.0,0,,0,0,14.1,10.5,29,1022.8,0.0,9.9,0,,0,10,29.2,28.38,30.8,27.52,22.87,30.39,30.19,25.47,55188.0,24.76
2022,10,2,6,4,52.3,52.3,49.6,90.57,0.0,0,,0,0,14.5,9.6,26,1022.9,0.0,9.9,0,,0,10,28.4,28.34,29.84,27.66,23.36,29.41,29.29,28.26,54803.0,25.53
2022,10,2,6,5,48.6,45.7,47.0,94.06,0.0,0,,0,0,13.0,6.8,2,1023.4,0.0,9.7,0,,0,10,28.29,29.3,29.43,28.82,25.29,28.87,29.09,30.51,55000.0,27.91
2022,10,2,6,6,47.8,45.2,46.2,93.96,0.0,0,,0,0,13.4,5.8,11,1024.2,0.0,9.9,0,,0,10,28.85,29.87,30.11,29.3,25.58,29.51,29.74,33.45,54731.0,28.43
2022,10,2,6,7,47.2,44.5,45.3,93.02,0.0,0,,0,0,12.8,5.7,20,1024.7,0.0,9.9,10,0.0,0,10,31.24,32.38,32.68,31.66,28.11,31.99,32.29,34.11,55085.0,30.77
2022,10,2,6,8,51.9,51.9,48.0,86.56,0.0,0,,0,0,15.0,7.0,23,1025.4,3.8,9.9,99,0.4,1,10,35.07,36.28,36.56,35.52,32.02,35.64,36.4,37.9,56321.0,34.85
2022,10,2,6,9,56.8,56.8,49.1,75.54,0.0,0,,0,0,16.1,7.1,41,1025.9,0.0,9.9,288,1.0,3,10,41.1,42.38,42.8,41.27,38.57,41.69,42.68,42.37,59185.0,41.1
2022,10,2,6,10,61.0,61.0,51.1,69.92,0.0,0,,0,0,13.9,8.8,62,1026.2,0.0,9.9,462,1.7,5,10,39.8,40.9,41.68,39.8,37.03,40.5,41.44,43.58,60083.0,39.77
2022,10,2,6,11,65.7,65.7,50.1,57.04,0.0,0,,0,0,13.9,9.0,43,1026.4,0.0,9.9,596,2.1,6,10,39.57,40.55,41.75,39.44,36.23,40.4,41.44,44.49,61395.0,39.33
2022,10,2,6,12,69.7,69.7,49.8,49.21,0.0,0,,0,0,17.2,11.2,22,1026.4,0.0,9.9,654,2.4,7,10,43.35,44.36,46.11,43.13,40.14,44.54,45.52,44.78,62558.0,42.92
2022,10,2,6,13,72.5,72.5,48.6,42.78,0.0,0,,0,0,19.6,10.6,13,1026.0,0.0,9.9,660,2.4,7,10,42.89,41.7,45.63,40.55,37.62,44.06,45.13,44.62,63538.0,40.23
2022,10,2,6,14,72.8,72.8,47.3,40.33,0.0,0,,0,0,24.4,14.6,31,1025.2,0.0,9.9,608,2.2,6,10,46.67,43.52,49.8,42.33,39.28,48.07,49.02,43.9,64482.0,41.94
2022,10,2,6,15,73.6,73.6,48.8,41.4,0.0,0,,0,0,20.4,11.6,16,1024.8,0.0,9.9,500,1.8,5,10,71.66,41.51,74.88,40.37,37.49,73.24,74.38,46.56,65584.0,39.94
2022,10,2,6,16,73.6,73.6,48.7,41.39,0.0,0,,0,0,22.2,12.7,31,1024.6,0.0,9.9,341,1.2,3,10,135.65,49.69,139.5,48.41,45.34,137.7,139.25,50.14,66870.0,47.81
2022,10,2,6,17,72.6,72.6,48.6,42.55,0.0,0,,0,0,18.3,11.5,29,1024.7,0.0,9.9,152,0.5,2,10,76.85,59.6,80.35,58.18,55.14,78.5,80.01,57.79,68186.0,57.4
2022,10,2,6,18,70.2,70.2,48.6,46.27,0.0,0,,0,0,17.9,11.3,20,1024.9,0.0,9.9,26,0.1,0,10,52.29,71.09,55.18,47.87,49.59,53.7,54.6,65.5,69344.0,52.28
2022,10,2,6,19,65.2,65.2,48.5,54.66,0.0,0,,0,0,13.6,9.2,11,1025.2,0.0,9.9,6,0.0,0,10,51.37,49.45,54.28,48.42,44.48,52.91,53.63,49.73,69621.0,47.63
2022,10,2,6,20,62.2,62.2,47.7,59.14,0.0,0,,0,0,17.9,9.3,21,1025.6,0.0,9.9,0,,0,10,44.64,37.85,47.23,37.88,24.93,46.09,46.42,40.71,69428.0,35.77
2022,10,2,6,21,59.3,59.3,48.0,66.04,0.0,0,,0,0,20.4,13.1,30,1026.0,0.0,9.9,0,,0,10,41.39,33.03,43.66,35.46,-1.17,42.57,42.95,37.29,67338.0,30.44
2022,10,2,6,22,56.3,56.3,48.8,76.08,0.0,0,,0,0,17.9,10.9,39,1026.1,0.0,9.9,0,,0,10,39.73,33.33,42.4,34.37,-9.05,41.56,41.55,27.83,64274.0,28.66
2022,10,2,6,23,54.6,54.6,50.9,87.32,0.0,0,,0,0,12.8,10.0,40,1026.2,0.0,9.9,0,,0,10,,,,,,,,29.26,60897.0,
2022,10,3,0,0,52.6,52.6,48.8,86.98,0.0,0,,0,0,14.5,8.8,41,1026.1,0.0,9.9,0,,0,10,33.95,35.34,36.09,35.17,-13.68,34.89,35.49,39.05,57871.0,32.35
2022,10,3,0,1,51.6,51.6,47.9,87.17,0.0,0,,0,0,13.9,7.6,40,1025.9,0.0,9.9,0,,0,10,30.4,32.62,32.1,32.21,-14.97,31.34,31.71,37.66,56541.0,31.02
2022,10,3,0,2,51.3,51.3,45.2,79.55,0.0,0,,0,0,10.1,7.3,48,1026.3,0.0,9.9,0,,0,10,30.55,32.58,32.06,31.91,-13.52,31.32,31.76,39.24,56988.0,31.14
2022,10,3,0,3,49.4,46.3,44.2,82.31,0.0,0,,0,0,8.9,7.4,48,1026.3,0.0,9.9,0,,0,10,33.6,35.5,35.11,34.97,-9.09,34.36,34.84,45.97,56709.0,34.42
2022,10,3,0,4,48.2,44.8,43.2,82.73,0.0,0,,0,0,11.0,7.5,48,1026.6,0.0,9.9,0,,0,10,34.46,39.97,36.12,37.61,-8.5,35.49,35.67,52.56,57127.0,33.11
2022,10,3,0,5,48.0,44.6,42.2,80.18,0.0,0,,0,0,8.7,7.3,50,1026.9,0.0,9.9,0,,0,10,38.78,52.25,40.6,42.05,16.19,39.98,40.1,68.68,58481.0,21.71
2022,10,3,0,6,46.4,43.0,41.0,81.47,0.0,0,,0,0,9.4,6.6,59,1027.3,0.0,9.9,0,,0,10,46.15,52.02,47.91,51.77,34.28,47.56,47.26,82.99,60725.0,52.38
2022,10,3,0,7,45.7,41.7,41.0,83.46,0.0,0,,0,0,9.4,7.6,60,1027.6,0.0,9.9,11,0.0,0,10,43.53,49.89,45.26,49.58,26.28,44.94,44.54,67.89,65415.0,50.07
2022,10,3,0,8,47.8,43.9,41.3,78.02,0.0,0,,0,0,10.5,8.4,60,1028.0,0.0,9.9,111,0.4,1,10,46.04,52.6,48.29,52.12,14.48,48.03,47.55,59.36,67582.0,51.87
2022,10,3,0,9,52.0,52.0,45.0,76.77,0.0,0,,0,0,17.9,8.7,81,1028.5,0.0,9.9,281,1.0,3,10,50.76,55.56,52.5,54.87,37.87,52.14,51.96,60.4,69005.0,53.8
2022,10,3,0,10,56.9,56.9,44.1,62.13,0.0,0,,0,0,15.0,9.9,63,1028.4,0.0,9.9,469,1.7,5,10,53.7,58.9,55.96,58.02,50.9,55.68,55.62,61.55,70029.0,57.07
2022,10,3,0,11,61.8,61.8,42.5,49.07,0.0,0,,0,0,11.4,9.2,69,1028.2,0.0,9.9,595,2.1,6,10,50.77,54.62,52.6,53.71,48.11,52.09,52.73,61.09,70733.0,52.9
2022,10,3,0,12,64.8,64.8,38.9,38.46,0.0,0,,0,0,11.9,8.9,74,1027.9,0.0,9.9,664,2.4,7,10,59.72,64.06,61.87,62.92,53.5,61.22,62.26,61.27,71494.0,61.95
2022,10,3,0,13,66.8,66.8,37.8,34.42,0.0,0,,0,0,11.6,5.8,53,1027.2,0.0,9.9,671,2.4,7,10,215.2,227.57,223.03,223.37,198.95,220.17,224.6,61.76,72298.0,220.71
2022,10,3,0,14,69.9,69.9,36.5,29.41,0.0,0,,0,0,10.7,8.1,69,1026.4,0.0,9.9,611,2.2,6,10,48.36,49.14,50.52,48.88,43.82,49.54,50.87,65.55,73215.0,48.44
2022,10,3,0,15,71.7,71.7,33.8,24.81,0.0,0,,0,0,9.6,10.7,60,1025.6,0.0,9.9,506,1.8,5,10,56.22,86.21,59.48,48.82,48.03,57.8,59.71,64.42,73811.0,56.76
2022,10,3,0,16,71.7,71.7,31.0,22.18,0.0,0,,0,0,11.0,7.0,52,1025.1,0.0,9.9,344,1.2,3,10,55.18,56.64,58.35,55.87,51.44,56.72,58.86,65.73,74315.0,55.2
2022,10,3,0,17,71.5,71.5,30.9,22.25,0.0,0,,0,0,12.5,7.9,46,1024.9,0.0,9.9,150,0.5,2,10,66.71,93.66,69.85,60.71,60.95,68.35,70.37,69.93,74918.0,67.53
2022,10,3,0,18,66.4,66.4,32.4,28.16,0.0,0,,0,0,12.5,5.5,75,1024.7,0.0,9.9,18,0.1,0,10,129.29,178.23,133.9,121.31,121.27,132.13,134.22,76.23,75351.0,132.54
2022,10,3,0,19,59.6,59.6,33.7,37.6,0.0,0,,0,0,7.2,4.7,52,1024.9,0.0,9.9,5,0.0,0,10,55.12,76.06,57.42,52.58,50.66,56.66,56.92,67.88,75240.0,57.36
2022,10,3,0,20,54.5,54.5,35.4,48.32,0.0,0,,0,0,6.7,6.3,65,1025.0,0.0,9.7,0,,0,10,44.98,59.63,47.61,44.34,36.17,46.69,46.94,61.57,74468.0,47.45
2022,10,3,0,21,52.7,52.7,36.3,53.72,0.0,0,,0,0,5.8,4.5,46,1025.1,0.0,9.9,0,,0,10,50.99,54.59,53.81,53.37,46.24,52.74,52.95,51.26,71938.0,52.88
2022,10,3,0,22,48.9,46.2,36.2,61.19,0.0,0,,0,0,6.9,6.5,53,1025.1,0.0,9.9,0,,0,10,41.49,42.42,44.13,41.44,36.49,43.33,43.05,42.08,68289.0,38.98
2022,10,3,0,23,48.8,46.3,36.2,61.75,0.0,0,,0,0,6.7,5.8,48,1025.1,0.0,9.9,0,,0,10,,,,,,,,46.42,64305.0,
2022,10,4,1,0,49.5,46.4,36.6,61.09,0.0,0,,0,0,7.6,7.4,50,1025.0,0.0,9.9,0,,0,10,39.35,43.51,41.04,43.47,29.91,40.57,39.98,43.83,60838.0,43.52
2022,10,4,1,1,49.0,46.5,36.5,61.88,0.0,0,,0,0,6.0,6.0,48,1024.8,0.0,9.9,0,,0,10,36.7,49.04,38.18,47.49,23.08,37.86,37.09,40.85,59527.0,67.38
2022,10,4,1,2,43.1,39.5,36.3,76.74,0.0,0,,0,0,7.6,6.0,63,1024.4,0.0,9.9,0,,0,10,33.64,36.03,34.72,35.53,31.35,34.38,33.89,37.86,59706.0,34.78
2022,10,4,1,3,41.3,38.5,35.5,79.46,0.0,0,,0,0,7.4,4.4,71,1024.3,0.0,9.9,0,,0,10,33.11,39.23,34.25,38.26,26.31,33.94,33.44,38.79,59108.0,45.78
2022,10,4,1,4,40.3,37.5,35.5,82.73,0.0,0,,0,0,3.8,4.2,60,1024.3,0.0,9.9,0,,0,10,38.26,49.29,39.42,47.66,26.03,39.27,38.47,47.99,59309.0,64.59
2022,10,4,1,5,40.1,37.3,35.4,83.36,0.0,0,,0,0,3.6,4.1,43,1024.6,0.0,9.9,0,,0,10,46.11,64.37,47.39,61.96,26.79,47.54,46.16,62.44,60893.0,91.56
2022,10,4,1,6,40.9,37.0,35.4,80.44,0.0,0,,0,0,3.8,5.7,63,1024.9,0.0,9.9,0,,0,10,50.49,79.81,51.77,77.0,36.69,52.2,50.15,72.87,63790.0,110.66
2022,10,4,1,7,41.9,37.7,37.1,83.0,0.0,0,,0,0,5.6,6.6,63,1024.9,0.0,9.9,11,0.0,0,10,43.73,54.98,44.7,53.41,35.4,44.82,43.93,61.12,67138.0,67.34
2022,10,4,1,8,47.1,44.9,39.9,76.07,0.0,0,,0,0,7.8,4.8,72,1025.2,0.0,9.9,95,0.3,1,10,38.78,43.05,39.59,42.13,36.91,39.46,39.3,58.69,69003.0,43.53
2022,10,4,1,9,53.9,53.9,42.3,64.58,0.0,0,,0,0,8.1,3.9,99,1025.1,0.0,9.9,276,1.0,3,10,42.55,46.17,43.47,45.45,42.99,43.34,43.04,60.94,70053.0,45.13
2022,10,4,1,10,60.9,60.9,41.9,49.55,0.0,0,,0,0,2.9,3.9,81,1025.2,0.0,9.9,461,1.7,5,10,46.27,50.15,47.67,49.3,47.19,47.37,45.22,62.03,70847.0,49.17
2022,10,4,1,11,65.7,65.7,38.1,36.16,0.0,0,,0,0,3.8,4.2,52,1024.9,0.0,9.9,590,2.1,6,10,61.49,67.79,66.32,66.66,63.43,64.64,44.98,57.82,71590.0,66.38
2022,10,4,1,12,68.8,68.8,34.4,28.02,0.0,0,,0,0,3.1,3.9,46,1024.3,0.0,9.9,616,2.2,6,10,52.44,56.66,54.99,55.7,53.7,54.19,48.85,60.46,72341.0,55.6
2022,10,4,1,13,71.5,71.5,34.2,25.39,0.0,0,,0,0,2.5,3.1,191,1023.8,0.0,9.9,663,2.4,7,10,60.61,65.89,64.69,64.64,61.85,63.28,50.28,61.04,73143.0,64.61
2022,10,4,1,14,71.0,71.0,32.2,23.78,0.0,0,,0,0,1.8,3.1,339,1023.0,0.0,9.9,600,2.2,6,10,52.01,55.23,53.82,54.29,52.91,53.21,53.77,62.6,74002.0,54.39
2022,10,4,1,15,73.6,73.6,33.8,23.24,0.0,0,,0,0,2.7,0.2,357,1022.2,0.0,9.9,520,1.9,5,10,51.89,54.88,53.96,54.06,52.43,53.21,53.88,67.18,74499.0,53.92
2022,10,4,1,16,74.6,74.6,32.3,21.22,0.0,0,,0,0,2.9,3.9,37,1021.6,0.6,9.9,474,1.7,5,10,57.31,61.08,60.72,60.3,58.01,59.48,51.35,68.32,74897.0,59.92
2022,10,4,1,17,73.7,73.7,28.6,18.75,0.0,0,,0,0,2.0,0.1,3,1021.3,0.6,9.8,229,0.8,2,10,68.31,73.49,72.61,72.45,69.11,71.12,54.18,68.41,75327.0,71.98
2022,10,4,1,18,69.4,69.4,35.2,28.29,0.0,0,,0,0,5.6,3.9,83,1021.5,0.6,9.2,38,0.1,0,10,61.57,66.53,65.29,65.71,61.7,64.07,50.07,72.95,75764.0,65.07
2022,10,4,1,19,59.0,59.0,34.4,39.51,0.0,0,,0,0,6.3,3.9,81,1021.7,0.0,9.7,0,,0,10,116.06,129.04,129.96,126.28,114.53,124.86,62.66,64.01,75644.0,124.86
2022,10,4,1,20,55.7,55.7,33.4,42.72,0.0,0,,0,0,4.9,3.9,81,1021.8,0.0,9.9,0,,0,10,48.45,52.41,50.74,51.31,47.2,50.12,44.03,58.08,75006.0,51.18
2022,10,4,1,21,52.0,52.0,34.4,50.96,0.0,0,,0,0,6.9,0.0,0,1021.8,0.0,9.9,0,,0,10,44.16,47.51,45.94,46.43,43.79,45.49,43.37,52.56,72496.0,46.5
2022,10,4,1,22,50.8,50.8,34.5,53.52,0.0,0,,0,0,6.9,2.8,72,1021.7,0.0,9.9,0,,0,10,45.6,49.05,48.23,47.79,45.19,47.36,40.7,49.39,68774.0,48.08
2022,10,4,1,23,47.0,47.0,34.3,61.15,0.0,0,,0,0,5.4,2.8,153,1021.6,0.0,9.9,0,,0,10,,,,,,,,47.59,64705.0,
2022,10,5,2,0,47.7,47.7,35.0,61.37,0.0,0,,0,0,4.7,0.0,0,1021.2,0.0,9.9,0,,0,10,41.88,45.59,44.21,44.32,39.97,43.52,36.82,47.04,61156.0,44.5
2022,10,5,2,1,45.9,45.9,35.8,67.56,0.0,0,,0,0,3.4,0.0,0,1020.9,0.0,9.8,0,,0,10,38.51,41.82,39.93,40.69,35.75,39.62,36.16,45.08,59903.0,40.74
2022,10,5,2,2,44.6,44.6,35.6,70.58,0.0,0,,0,0,3.4,0.0,0,1021.0,0.0,9.9,0,,0,10,34.04,36.76,34.89,35.78,31.51,34.79,33.84,43.01,59525.0,35.71
2022,10,5,2,3,45.7,45.7,34.7,65.27,0.0,0,,0,0,4.3,0.0,0,1020.6,0.0,9.9,0,,0,10,36.81,55.3,37.71,34.84,32.47,37.61,36.1,44.71,58903.0,39.63
2022,10,5,2,4,45.3,45.3,32.1,59.58,0.0,0,,0,0,5.8,0.0,0,1020.6,0.0,9.9,0,,0,10,41.72,85.23,43.56,34.7,35.66,43.21,36.52,49.13,59126.0,46.93
2022,10,5,2,5,42.1,42.1,33.9,72.65,0.0,0,,0,0,4.5,0.0,0,1021.0,0.0,9.9,0,,0,10,42.03,125.31,44.81,89.65,60.65,43.94,35.37,66.9,60663.0,73.59
2022,10,5,2,6,41.1,41.1,33.9,75.35,0.0,0,,0,0,3.1,0.0,0,1021.2,0.0,9.9,0,,0,10,35.54,146.98,33.93,75.44,59.78,32.54,31.39,74.89,63046.0,81.25
2022,10,5,2,7,42.9,42.9,34.7,72.59,0.0,0,,0,0,1.1,0.0,0,1021.4,0.0,9.9,10,0.0,0,10,44.75,119.07,42.47,123.0,88.56,40.7,37.36,64.27,66552.0,104.23
2022,10,5,2,8,48.8,48.8,39.4,69.89,0.0,0,,0,0,2.0,0.0,0,1021.6,0.0,9.9,91,0.3,1,10,44.48,55.1,46.1,53.73,51.15,45.66,39.38,61.36,68683.0,53.93
2022,10,5,2,9,60.0,60.0,35.3,39.53,0.0,0,,0,0,5.8,2.8,252,1021.7,0.0,9.9,255,0.9,3,10,44.08,66.57,44.86,65.0,62.52,44.72,41.48,65.46,69812.0,65.4
2022,10,5,2,10,66.1,66.1,34.5,30.91,0.0,0,,0,0,9.4,4.6,261,1021.8,0.0,9.9,448,1.6,4,10,48.9,64.61,51.19,63.17,61.49,50.46,40.83,63.74,70726.0,63.66
2022,10,5,2,11,70.1,70.1,33.1,25.46,0.0,0,,0,0,6.5,4.6,245,1021.7,0.0,9.9,476,1.7,5,10,51.65,139.83,54.55,136.65,133.44,53.96,43.46,63.77,71671.0,138.06
2022,10,5,2,12,71.9,71.9,30.7,21.72,0.0,0,,0,0,4.7,4.7,241,1021.0,0.0,9.9,528,1.9,5,10,49.8,63.21,51.59,61.87,59.34,51.12,45.62,64.61,72685.0,62.47
2022,10,5,2,13,73.1,73.1,29.3,19.72,0.0,0,,0,0,4.7,0.7,331,1020.6,0.0,9.9,432,1.6,4,10,53.74,62.49,56.4,61.28,58.07,55.61,50.54,66.99,73704.0,61.76
2022,10,5,2,14,75.6,75.6,28.6,17.66,0.0,0,,0,0,4.5,5.6,235,1019.6,0.0,9.9,609,2.2,6,10,58.74,63.82,64.97,62.48,57.64,62.48,50.38,68.8,74714.0,62.87
2022,10,5,2,15,75.7,75.7,30.7,19.15,0.0,0,,0,0,6.3,3.2,59,1018.8,3.8,9.5,478,1.7,5,10,58.55,63.29,66.1,61.93,55.78,62.85,48.62,69.64,75401.0,62.06
2022,10,5,2,16,76.8,76.8,29.7,17.75,0.0,0,,0,0,9.4,5.1,212,1018.3,3.9,9.5,289,1.0,3,10,59.11,63.94,67.3,62.73,56.37,63.74,48.54,70.15,75985.0,62.69
2022,10,5,2,17,73.8,73.8,27.8,18.07,0.0,0,,0,0,8.7,3.5,194,1018.3,0.0,9.9,123,0.4,1,10,61.38,66.81,69.66,65.6,60.02,66.21,50.66,75.47,76443.0,65.75
2022,10,5,2,18,70.0,70.0,29.9,22.42,0.0,0,,0,0,9.4,3.9,234,1018.4,0.0,9.9,15,0.1,0,10,58.63,63.76,65.23,62.61,58.02,62.62,49.34,80.89,76595.0,62.88
2022,10,5,2,19,64.5,64.5,33.2,31.02,0.0,0,,0,0,7.8,5.7,225,1018.5,0.0,9.9,4,0.0,0,10,75.45,84.42,90.28,82.46,74.86,84.03,53.11,68.23,76254.0,83.19
2022,10,5,2,20,63.4,63.4,36.2,36.24,0.0,0,,0,0,9.8,5.7,207,1018.2,0.0,9.7,0,,0,10,102.95,115.83,114.42,112.15,98.94,110.07,87.54,57.2,75463.0,113.43
2022,10,5,2,21,63.5,63.5,35.3,34.94,0.0,0,,0,0,4.3,6.3,207,1018.0,80.3,9.5,0,,0,10,46.17,50.2,47.67,48.47,44.24,47.39,44.8,50.39,72955.0,49.05
2022,10,5,2,22,62.2,62.2,38.0,40.68,0.0,0,,0,0,7.6,5.1,219,1017.8,89.8,9.9,0,,0,10,43.36,46.93,45.25,45.57,38.91,44.71,42.24,43.4,69332.0,45.97
2022,10,5,2,23,59.8,59.8,41.8,51.33,0.0,0,,0,0,7.6,4.8,153,1017.6,44.2,9.9,0,,0,10,,,,,,,,41.32,65331.0,
2022,10,6,3,0,61.3,61.3,41.1,47.4,0.0,0,,0,0,4.5,5.1,214,1017.5,82.3,9.9,0,,0,10,,,,,,,,44.32,62665.0,
2022,10,6,3,1,59.0,59.0,43.9,57.27,0.0,0,,0,0,7.6,4.8,326,1017.6,91.3,9.9,0,,0,10,39.33,42.85,40.52,39.48,34.81,40.23,39.68,41.55,61022.0,41.91
2022,10,6,3,2,58.7,58.7,43.4,56.7,0.0,0,,0,0,11.6,5.7,283,1018.2,91.3,9.9,0,,0,10,35.53,38.74,36.58,35.93,24.94,36.33,35.83,37.89,59509.0,37.66
2022,10,6,3,3,56.7,56.7,45.5,66.02,0.0,0,,0,0,6.0,2.8,224,1017.6,91.3,9.9,0,,0,10,35.76,39.17,36.8,35.65,22.03,36.57,36.11,38.88,58766.0,37.89
2022,10,6,3,4,55.8,55.8,48.9,77.83,0.0,0,,0,0,4.5,0.3,346,1017.1,91.2,9.9,0,,0,10,34.85,93.59,35.79,30.91,-17.42,35.59,35.17,46.69,58836.0,43.62
2022,10,6,3,5,55.7,55.7,50.9,84.04,0.0,0,,0,0,5.4,0.4,34,1016.8,95.1,9.9,0,,0,10,40.17,90.87,41.06,34.72,-6.62,40.78,40.63,58.66,59843.0,46.65
2022,10,6,3,6,54.7,54.7,49.8,83.31,0.03,100,rain,0,0,8.1,4.8,135,1016.4,78.5,9.9,0,,0,10,47.64,82.59,48.26,44.2,39.85,47.92,47.83,85.8,62482.0,52.8
2022,10,6,3,7,54.9,54.9,49.7,82.59,0.0,0,,0,0,12.5,5.2,212,1017.0,90.7,9.9,4,0.0,0,10,44.77,62.39,45.03,58.24,30.82,44.48,44.85,69.91,65967.0,54.84
2022,10,6,3,8,55.8,55.8,51.0,83.72,0.0,0,,0,0,4.7,0.3,24,1017.2,95.1,9.9,51,0.2,1,10,43.69,42.99,44.07,43.85,9.57,43.68,43.96,68.0,68374.0,41.36
2022,10,6,3,9,59.2,59.2,50.9,73.91,0.0,0,,0,0,8.5,3.5,108,1017.3,78.5,9.9,59,0.2,1,10,56.43,53.87,56.09,52.99,10.4,55.46,56.26,67.78,69758.0,51.69
2022,10,6,3,10,64.5,64.5,50.6,60.76,0.0,0,,0,0,10.7,5.8,196,1017.3,1.2,9.9,437,1.6,4,10,60.18,49.72,59.52,49.15,11.5,59.1,59.61,69.68,70915.0,48.63
2022,10,6,3,11,69.0,69.0,48.6,48.33,0.0,0,,0,0,16.1,8.0,242,1017.6,4.8,9.9,568,2.0,6,10,56.43,49.83,55.91,49.34,16.36,55.78,56.0,70.75,72062.0,48.61
2022,10,6,3,12,71.0,71.0,46.6,41.83,0.0,0,,0,0,8.5,7.1,235,1017.1,1.2,9.9,631,2.3,6,10,62.17,57.58,62.14,57.09,20.72,61.89,62.13,71.48,73209.0,55.83
2022,10,6,3,13,73.0,73.0,48.1,41.4,0.0,0,,0,0,9.2,6.2,303,1016.8,0.0,9.9,640,2.3,6,10,54.63,52.84,55.23,52.99,11.82,54.61,55.52,72.67,74362.0,50.95
2022,10,6,3,14,74.8,74.8,49.0,40.17,0.0,0,,0,0,12.8,9.4,262,1016.2,0.0,9.9,588,2.1,6,10,57.14,52.72,57.6,51.63,11.89,56.76,58.16,71.28,75496.0,50.24
2022,10,6,3,15,76.7,76.7,50.1,39.28,0.0,0,,0,0,18.3,10.1,292,1016.0,7.6,9.9,495,1.8,5,10,59.52,51.43,59.68,49.18,13.4,58.58,60.62,74.61,76083.0,43.75
2022,10,6,3,16,76.7,76.7,50.1,39.33,0.0,0,,0,0,18.3,10.9,274,1016.1,27.8,9.9,322,1.2,3,10,65.57,56.06,65.64,53.43,15.05,64.49,66.54,62.47,76397.0,52.32
2022,10,6,3,17,75.4,75.4,50.1,40.98,0.0,0,,0,0,15.7,9.0,300,1016.5,3.8,9.9,130,0.5,1,10,62.23,77.06,62.96,51.84,26.33,62.11,63.25,64.14,76563.0,56.53
2022,10,6,3,18,72.5,72.5,50.1,45.23,0.0,0,,0,0,15.7,8.5,310,1016.7,3.8,9.9,18,0.1,0,10,68.02,104.25,69.11,57.51,50.66,68.71,68.71,64.56,76354.0,67.11
2022,10,6,3,19,65.9,65.9,51.4,59.37,0.0,0,,0,0,11.4,7.5,313,1017.4,6.8,9.9,4,0.0,0,10,98.01,105.48,99.58,99.33,90.43,99.39,98.23,59.61,76013.0,96.34
2022,10,6,3,20,63.8,63.8,53.1,67.97,0.0,0,,0,0,20.1,8.9,324,1018.3,45.3,8.9,0,,0,10,52.42,65.98,53.31,52.18,46.51,53.06,52.75,46.47,75387.0,50.98
2022,10,6,3,21,62.3,62.3,57.3,83.64,0.0,0,,0,0,24.4,14.4,337,1019.4,82.2,9.9,0,,0,10,49.02,54.72,50.41,48.83,43.11,49.79,49.8,40.47,72808.0,48.24
2022,10,6,3,22,58.6,58.6,53.3,82.71,0.0,0,,0,0,30.9,17.2,11,1020.5,91.3,9.9,0,,0,10,49.52,52.65,51.96,51.17,46.39,51.02,49.95,32.31,69136.0,50.53
2022,10,6,3,23,56.7,56.7,50.0,78.4,0.02,100,rain,0,0,27.3,10.0,24,1020.9,91.0,9.9,0,,0,10,,,,,,,,31.55,65226.0,
2022,10,7,4,0,55.7,55.7,51.7,86.62,0.0,0,,0,0,22.1,6.9,340,1021.6,91.2,9.9,0,,0,10,45.3,48.19,47.02,46.84,41.99,46.4,46.33,38.89,61789.0,45.9
2022,10,7,4,1,52.4,52.4,50.0,91.53,0.0,0,,0,0,20.8,7.4,333,1022.0,50.1,9.9,0,,0,10,39.59,41.43,40.87,40.3,36.86,40.29,40.5,37.29,61544.0,39.63
2022,10,7,4,2,54.0,54.0,49.8,85.57,0.0,0,,0,0,16.1,10.5,346,1022.3,82.3,9.9,0,,0,10,41.39,43.3,42.51,41.43,38.93,42.0,42.06,36.64,60605.0,41.49
2022,10,7,4,3,53.1,53.1,48.4,83.96,0.0,0,rain,0,0,20.8,8.7,11,1022.6,86.1,9.9,0,,0,10,39.58,41.62,40.63,40.63,36.95,40.21,40.06,38.22,59891.0,39.8
2022,10,7,4,4,53.3,53.3,47.3,79.83,0.0,0,rain,0,0,16.1,13.0,27,1023.3,91.8,9.9,0,,0,10,41.13,43.72,42.11,42.59,38.26,41.85,41.35,44.59,59866.0,41.81
2022,10,7,4,5,50.6,50.6,44.7,79.94,0.0,0,rain,0,0,21.5,8.8,8,1024.0,23.5,9.9,0,,0,10,47.51,51.73,48.77,50.31,44.71,48.55,47.8,53.66,61116.0,49.32
2022,10,7,4,6,48.3,44.5,43.8,84.28,0.0,0,,0,0,14.1,8.6,358,1025.0,0.0,9.9,0,,0,10,51.86,120.5,53.9,78.44,72.73,53.66,51.77,66.73,63198.0,87.08
2022,10,7,4,7,45.8,42.1,42.8,89.05,0.0,0,,0,0,14.3,7.1,5,1025.6,0.0,9.9,12,0.0,0,10,50.76,54.93,52.14,53.32,50.73,51.96,50.84,68.28,66699.0,52.59
2022,10,7,4,8,46.8,41.7,42.0,83.27,0.0,0,,0,0,16.3,11.1,348,1026.4,0.0,9.9,83,0.3,1,10,47.42,50.65,48.89,49.17,47.99,48.49,47.77,66.33,69224.0,48.62
2022,10,7,4,9,49.7,46.0,42.8,77.03,0.0,0,,0,0,18.6,9.1,360,1027.2,0.6,9.9,206,0.7,2,10,48.23,51.18,49.71,49.84,49.39,49.27,48.91,69.88,70505.0,49.37
2022,10,7,4,10,52.8,52.8,42.1,66.87,0.0,0,,0,0,15.7,10.9,351,1028.1,4.8,9.9,444,1.6,4,10,57.82,61.19,59.81,59.57,59.28,59.16,58.96,64.19,71284.0,59.27
2022,10,7,4,11,55.6,55.6,42.7,61.85,0.0,0,,0,0,21.9,9.3,9,1028.3,78.5,9.9,641,2.3,6,10,59.91,62.93,62.09,61.33,59.53,61.32,61.29,67.52,72008.0,60.82
2022,10,7,4,12,57.3,57.3,40.7,53.8,0.0,0,,0,0,17.2,12.3,3,1028.3,85.0,9.9,176,0.6,2,10,61.84,64.36,64.0,62.78,59.42,63.21,63.26,69.66,72595.0,62.16
2022,10,7,4,13,58.3,58.3,39.7,49.79,0.0,0,,0,0,20.8,10.6,354,1028.1,81.4,9.9,421,1.5,4,10,62.12,63.7,64.72,62.12,59.49,63.59,64.09,69.88,73034.0,61.43
2022,10,7,4,14,58.4,58.4,37.4,45.45,0.0,0,,0,0,18.8,8.7,344,1027.5,40.8,9.9,444,1.6,4,10,65.1,66.24,69.47,64.6,63.41,67.37,65.23,70.24,73343.0,63.9
2022,10,7,4,15,59.5,59.5,37.9,44.62,0.0,0,,0,0,20.8,13.0,359,1027.2,44.7,9.9,180,0.6,2,10,62.88,63.92,68.68,62.37,61.2,65.89,61.42,69.53,73358.0,61.53
2022,10,7,4,16,58.6,58.6,37.1,44.59,0.0,0,,0,0,19.7,12.5,344,1027.0,12.2,9.9,90,0.3,1,10,61.13,61.39,64.44,60.05,59.34,62.85,63.4,70.31,73365.0,59.04
2022,10,7,4,17,58.3,58.3,33.7,39.49,0.0,0,,0,0,20.8,13.2,352,1027.2,87.6,9.9,134,0.5,1,10,62.36,62.85,65.8,61.49,61.18,64.13,64.55,77.21,73359.0,60.46
2022,10,7,4,18,54.6,54.6,35.2,47.81,0.0,0,,0,0,14.5,8.9,354,1027.6,37.1,9.9,18,0.1,0,10,108.91,115.41,113.61,108.83,108.15,111.88,110.61,87.85,73054.0,108.23
2022,10,7,4,19,48.1,45.7,37.1,65.33,0.0,0,,0,0,10.5,5.6,335,1028.2,84.1,9.9,4,0.0,0,10,64.92,80.2,67.46,62.02,64.34,66.49,65.89,79.88,72657.0,65.63
2022,10,7,4,20,48.6,46.8,37.2,64.68,0.0,0,,0,0,6.0,4.6,7,1028.8,88.0,9.9,0,,0,10,57.82,65.97,60.38,56.03,57.47,59.23,58.96,69.12,71937.0,57.97
2022,10,7,4,21,49.2,46.9,37.4,63.74,0.0,0,,0,0,6.5,5.6,48,1029.5,93.1,9.9,0,,0,10,61.42,63.71,63.64,61.83,61.05,62.73,61.99,62.11,70055.0,61.67
2022,10,7,4,22,45.7,43.3,38.8,76.71,0.0,0,,0,0,9.4,4.8,53,1030.1,27.3,9.9,0,,0,10,58.91,60.91,60.77,59.22,57.03,59.93,59.56,56.2,67406.0,59.24
2022,10,7,4,23,45.3,41.8,38.6,77.0,0.0,0,,0,0,5.8,6.6,36,1030.4,23.5,9.9,0,,0,10,,,,,,,,54.37,64289.0,
2022,10,8,5,0,42.6,38.5,37.7,82.79,0.0,0,,0,0,7.6,6.5,27,1030.4,0.6,9.9,0,,0,10,52.63,54.72,54.64,53.28,50.68,53.64,54.09,55.36,61315.0,53.49
2022,10,8,5,1,41.7,38.9,36.9,82.8,0.0,0,,0,0,6.0,4.5,27,1030.1,0.0,9.9,0,,0,10,60.49,64.02,62.79,62.61,58.27,61.87,61.84,50.88,59858.0,62.74
2022,10,8,5,2,40.3,37.0,35.7,83.41,0.0,0,,0,0,3.1,4.8,27,1030.3,0.0,9.9,0,,0,10,53.14,56.19,55.09,54.87,50.78,54.27,54.38,47.54,58347.0,55.08
2022,10,8,5,3,38.2,38.2,34.8,87.2,0.0,0,,0,0,3.4,0.3,351,1030.3,0.0,9.9,0,,0,10,52.25,55.65,54.17,54.31,49.32,53.43,53.29,48.35,57518.0,54.5
2022,10,8,5,4,35.5,35.5,33.7,92.95,0.0,0,,0,0,3.6,0.0,0,1030.2,0.0,9.9,0,,0,10,47.88,54.31,49.7,49.39,44.37,49.05,48.81,48.79,58110.0,50.4
2022,10,8,5,5,33.1,33.1,31.0,91.77,0.0,0,,0,0,2.9,2.8,306,1030.6,0.0,9.9,0,,0,10,47.52,79.99,49.21,42.68,40.78,48.6,48.46,53.21,58623.0,51.53
2022,10,8,5,6,32.1,29.3,30.3,92.77,0.0,0,,0,0,2.9,3.1,305,1031.0,3.9,9.9,0,,0,10,46.9,50.61,48.26,49.35,43.32,47.79,47.79,58.56,58337.0,49.38
2022,10,8,5,7,30.4,30.4,28.8,93.67,0.0,0,,0,0,2.2,0.6,338,1031.1,0.0,1.9,7,0.0,0,10,47.84,54.17,49.29,50.02,44.64,48.78,48.87,52.77,60440.0,50.42
2022,10,8,5,8,35.6,35.6,33.6,92.61,0.0,0,,0,0,4.3,0.3,349,1031.6,0.0,8.4,63,0.2,1,10,49.65,53.42,51.4,52.34,46.51,50.7,51.02,53.61,61870.0,51.79
2022,10,8,5,9,44.3,41.8,38.6,80.45,0.0,0,,0,0,5.6,4.6,320,1031.8,0.0,9.9,266,1.0,3,10,156.44,165.48,161.0,161.53,151.29,158.86,159.73,54.91,63086.0,161.1
2022,10,8,5,10,50.1,50.1,37.4,61.7,0.0,0,,0,0,11.6,7.0,241,1031.8,0.0,9.9,437,1.6,4,10,49.64,51.41,51.5,48.48,48.42,50.43,51.43,51.99,63798.0,49.99
2022,10,8,5,11,53.7,53.7,32.8,44.85,0.0,0,,0,0,13.9,7.9,274,1031.6,12.4,9.9,447,1.6,4,10,43.84,44.43,46.04,40.43,40.25,44.66,46.45,50.15,64058.0,42.82
2022,10,8,5,12,54.8,54.8,30.0,38.61,0.0,0,,0,0,16.1,6.4,284,1030.9,53.8,9.9,671,2.4,7,10,116.7,41.46,119.79,37.83,36.42,118.24,120.12,50.03,64188.0,39.81
2022,10,8,5,13,56.0,56.0,30.0,36.9,0.0,0,,0,0,21.9,8.4,296,1029.9,45.6,9.9,728,2.6,7,10,164.84,35.56,163.72,32.56,15.67,163.16,162.72,48.19,64313.0,32.93
2022,10,8,5,14,56.3,56.3,30.0,36.48,0.0,0,,0,0,16.6,6.8,262,1028.6,7.4,9.9,395,1.4,4,10,97.28,37.36,95.32,34.19,15.16,94.74,94.21,46.16,64389.0,33.84
2022,10,8,5,15,58.9,58.9,29.9,33.09,0.0,0,,0,0,19.2,11.3,258,1027.3,0.0,9.9,475,1.7,5,10,237.65,35.37,241.39,32.35,29.51,239.93,241.27,48.04,64376.0,33.54
2022,10,8,5,16,59.8,59.8,29.8,31.92,0.0,0,,0,0,17.7,11.1,259,1026.2,0.0,9.9,315,1.1,3,10,53.0,39.6,54.71,36.27,26.13,52.43,55.17,51.8,64624.0,36.83
2022,10,8,5,17,58.7,58.7,29.0,32.16,0.0,0,,0,0,18.8,12.3,262,1025.8,0.0,9.9,127,0.5,1,10,55.86,51.41,58.58,49.79,44.12,56.43,58.59,60.35,65240.0,49.01
2022,10,8,5,18,55.6,55.6,29.8,37.14,0.0,0,,0,0,16.1,7.0,250,1025.4,0.0,9.9,18,0.1,0,10,83.19,84.81,87.51,63.1,81.17,84.96,86.69,74.14,66394.0,80.91
2022,10,8,5,19,49.7,47.4,29.9,46.22,0.0,0,,0,0,11.4,5.9,250,1025.5,0.0,9.9,4,0.0,0,10,65.1,66.76,68.13,52.23,65.44,66.44,66.86,64.13,67256.0,63.96
2022,10,8,5,20,44.8,42.3,30.7,57.47,0.0,0,,0,0,11.4,4.8,225,1025.5,0.0,9.9,0,,0,10,55.5,57.34,58.07,40.85,54.69,56.82,56.95,54.6,67091.0,54.51
2022,10,8,5,21,42.9,39.0,29.9,59.94,0.0,0,,0,0,8.9,6.3,243,1025.3,0.0,9.9,0,,0,10,49.27,50.71,51.81,46.99,47.67,50.36,51.31,50.03,65633.0,48.64
2022,10,8,5,22,39.1,34.3,30.0,69.74,0.0,0,,0,0,8.1,6.5,223,1025.6,0.0,9.9,0,,0,10,49.95,45.89,51.63,41.9,38.98,50.2,50.87,44.73,63513.0,43.58
2022,10,8,5,23,36.5,31.8,30.1,77.27,0.0,0,,0,0,8.3,5.8,215,1025.3,0.0,9.9,0,,0,10,,,,,,,,41.97,60832.0,
2022,10,9,6,0,34.8,29.1,28.5,77.58,0.0,0,,0,0,10.3,6.8,213,1025.2,0.0,9.9,0,,0,10,47.07,51.91,49.81,46.34,41.94,48.36,49.39,41.5,59282.0,41.02
2022,10,9,6,1,35.3,30.0,29.2,78.23,0.0,0,,0,0,12.3,6.2,211,1024.9,0.0,9.9,0,,0,10,46.82,54.6,49.04,47.15,40.05,47.87,48.61,40.53,58811.0,35.76
2022,10,9,6,2,34.9,30.6,29.2,79.25,0.0,0,,0,0,12.8,4.9,232,1024.6,0.0,9.9,0,,0,10,44.56,55.2,46.44,44.76,35.87,45.38,46.17,39.46,58005.0,27.4
2022,10,9,6,3,33.3,27.9,28.4,82.04,0.0,0,,0,0,13.4,5.8,217,1024.3,0.0,9.9,0,,0,10,44.16,55.38,45.89,44.55,35.02,44.93,45.59,41.23,57381.0,26.07
2022,10,9,6,4,33.4,28.0,29.3,84.74,0.0,0,,0,0,13.0,5.8,223,1023.8,0.0,9.9,0,,0,10,47.02,64.73,48.76,47.72,34.02,47.84,48.39,41.54,57105.0,17.36
2022,10,9,6,5,34.1,28.8,29.3,82.46,0.0,0,,0,0,14.3,5.8,231,1023.8,0.0,9.9,0,,0,10,46.56,62.3,48.33,47.91,35.24,47.52,47.89,45.91,56982.0,21.97
2022,10,9,6,6,33.1,27.7,28.4,82.67,0.0,0,,0,0,15.0,5.8,223,1024.0,0.0,9.9,0,,0,10,41.87,44.15,43.36,42.9,38.45,42.63,43.07,51.98,57964.0,41.58
2022,10,9,6,7,34.8,30.5,30.1,82.55,0.0,0,,0,0,14.1,4.9,222,1024.2,0.0,9.9,8,0.0,0,10,41.9,51.5,43.17,39.71,34.79,42.56,42.91,51.35,57600.0,26.89
2022,10,9,6,8,39.2,33.5,33.2,79.1,0.0,0,,0,0,15.0,8.1,224,1024.3,0.0,9.9,83,0.3,1,10,38.66,40.34,39.68,39.01,36.27,39.13,39.62,53.1,58707.0,37.96
2022,10,9,6,9,48.2,43.5,35.6,61.5,0.0,0,,0,0,17.0,11.0,213,1024.4,0.0,9.9,275,1.0,3,10,48.66,50.43,49.68,49.04,47.73,49.1,49.9,54.62,60241.0,48.35
2022,10,9,6,10,56.9,56.9,34.0,41.91,0.0,0,,0,0,18.3,12.4,222,1024.1,0.0,9.9,432,1.6,4,10,48.1,49.53,49.29,48.32,49.02,48.56,49.61,52.96,61571.0,47.82
2022,10,9,6,11,62.9,62.9,34.2,34.15,0.0,0,,0,0,17.7,15.7,230,1023.9,0.0,9.9,558,2.0,6,10,47.1,48.05,48.7,47.2,47.32,47.69,49.14,51.52,62444.0,46.2
2022,10,9,6,12,65.9,65.9,34.3,30.87,0.0,0,,0,0,27.5,14.7,229,1023.5,0.0,9.9,622,2.2,6,10,44.32,40.83,45.35,40.06,36.41,44.28,45.9,52.91,63311.0,38.9
2022,10,9,6,13,67.2,67.2,35.3,30.78,0.0,0,,0,0,23.9,13.8,238,1022.5,41.2,9.9,399,1.4,4,10,44.82,39.58,45.86,38.9,32.98,44.66,46.53,52.84,64084.0,37.45
2022,10,9,6,14,70.0,70.0,38.1,31.14,0.0,0,,0,0,29.3,15.2,240,1021.3,8.2,9.9,587,2.1,6,10,46.03,39.01,47.12,38.45,30.58,45.72,48.01,52.7,64786.0,36.72
2022,10,9,6,15,71.6,71.6,39.0,30.47,0.0,0,,0,0,23.3,15.2,231,1020.6,34.1,9.9,497,1.8,5,10,48.91,46.29,52.43,45.67,40.51,49.71,54.4,57.12,65583.0,43.69
2022,10,9,6,16,70.9,70.9,39.8,32.36,0.0,0,,0,0,20.9,15.5,249,1020.3,52.9,9.9,306,1.1,3,10,86.71,53.97,90.21,53.24,50.55,88.05,91.35,60.68,66561.0,51.13
2022,10,9,6,17,69.0,69.0,39.9,34.55,0.0,0,,0,0,24.2,13.2,250,1020.0,86.3,9.9,88,0.3,1,10,78.33,79.47,82.05,78.42,77.57,79.66,82.87,73.94,67608.0,76.24
2022,10,9,6,18,67.7,67.7,39.9,36.19,0.0,0,,0,0,16.6,9.8,233,1020.0,90.2,9.9,14,0.1,0,10,434.92,443.15,451.7,435.51,441.67,441.51,452.52,88.89,68729.0,428.22
2022,10,9,6,19,60.9,60.9,39.9,45.92,0.0,0,,0,0,10.3,7.5,214,1020.2,57.0,9.9,3,0.0,0,10,59.02,60.36,61.05,59.39,60.68,59.89,60.62,69.2,69576.0,58.7
2022,10,9,6,20,57.7,57.7,39.9,51.29,0.0,0,,0,0,11.4,8.1,216,1020.5,89.2,9.9,0,,0,10,51.88,52.99,53.98,51.86,51.51,52.73,53.88,61.71,69376.0,51.06
2022,10,9,6,21,55.1,55.1,39.8,56.16,0.0,0,,0,0,15.0,7.5,205,1020.8,28.8,9.9,0,,0,10,52.27,53.92,53.94,52.7,50.55,53.02,53.98,54.87,67412.0,51.83
2022,10,9,6,22,52.1,52.1,39.0,60.87,0.0,0,,0,0,15.7,5.7,206,1020.9,22.9,9.9,0,,0,10,50.38,51.77,51.78,50.44,48.47,50.93,52.18,51.49,64476.0,49.75
2022,10,9,6,23,49.1,46.4,38.9,67.64,0.0,0,,0,0,13.4,6.5,225,1021.0,0.0,9.9,0,,0,10,,,,,,,,48.61,61266.0,
2022,10,10,0,0,47.0,44.6,38.0,70.84,0.0,0,,0,0,14.3,5.2,289,1021.0,0.0,9.9,0,,0,10,47.02,49.05,48.26,47.96,44.44,47.66,48.44,50.12,58470.0,46.76
2022,10,10,0,1,44.3,44.3,37.3,76.13,0.0,0,,0,0,15.4,0.1,4,1021.1,0.0,9.9,0,,0,10,46.24,48.39,47.28,47.34,44.04,46.84,47.4,50.1,56975.0,45.99
2022,10,10,0,2,42.3,42.3,36.1,78.58,0.0,0,,0,0,9.8,0.1,4,1021.3,0.0,9.9,0,,0,10,48.0,50.56,48.88,49.55,46.07,48.61,48.97,49.41,57104.0,47.96
2022,10,10,0,3,43.0,43.0,37.1,79.61,0.0,0,,0,0,5.4,2.8,101,1021.2,0.0,9.9,0,,0,10,50.04,86.13,51.15,76.94,67.34,50.9,51.0,51.53,56886.0,60.7
2022,10,10,0,4,42.7,42.7,37.0,79.99,0.0,0,,0,0,10.5,2.8,136,1021.1,0.0,9.9,0,,0,10,49.93,132.41,51.56,124.43,111.26,51.19,51.22,57.45,57397.0,110.37
2022,10,10,0,5,40.9,38.4,36.0,82.51,0.0,0,,0,0,10.1,4.0,138,1021.4,0.0,9.9,0,,0,10,54.18,59.56,54.89,58.65,54.24,54.86,54.65,68.66,59232.0,56.36
2022,10,10,0,6,41.8,41.8,35.9,79.49,0.0,0,,0,0,7.8,0.1,8,1021.9,0.0,9.9,0,,0,10,64.09,81.47,64.42,80.44,77.14,64.67,63.77,83.78,61530.0,77.85
2022,10,10,0,7,40.8,39.0,35.9,82.53,0.0,0,,0,0,6.7,3.2,151,1022.5,0.0,9.9,10,0.0,0,10,56.25,71.74,56.25,70.99,69.47,56.65,55.5,74.01,66432.0,68.99
2022,10,10,0,8,44.2,42.9,38.8,81.03,0.0,0,,0,0,7.8,3.2,157,1022.8,0.0,9.9,75,0.3,1,10,59.73,64.45,59.8,63.84,61.42,60.06,59.33,70.35,68681.0,62.12
2022,10,10,0,9,54.0,54.0,41.0,61.21,0.0,0,,0,0,10.1,7.7,192,1023.0,0.0,9.9,251,0.9,3,10,59.11,67.69,59.17,66.97,63.79,59.38,59.11,72.48,69686.0,65.47
2022,10,10,0,10,61.3,61.3,42.0,49.07,0.0,0,,0,0,13.4,6.0,227,1023.0,0.0,9.9,421,1.5,4,10,61.11,72.46,61.11,71.54,70.64,61.37,61.04,71.46,70260.0,70.51
2022,10,10,0,11,68.9,68.9,42.1,37.83,0.0,0,,0,0,13.9,7.6,224,1022.9,0.0,9.9,549,2.0,5,10,83.57,88.45,83.27,87.36,83.82,83.74,83.36,70.65,70805.0,85.99
2022,10,10,0,12,73.0,73.0,42.1,32.78,0.0,0,,0,0,18.3,10.3,204,1022.7,0.0,9.9,612,2.2,6,10,64.43,67.28,64.6,66.8,59.42,64.56,65.28,71.13,71695.0,64.99
2022,10,10,0,13,75.8,75.8,39.9,27.44,0.0,0,,0,0,14.8,9.3,224,1022.0,0.0,9.9,619,2.2,6,10,62.48,65.04,62.99,64.68,56.23,62.71,63.64,71.31,72606.0,62.71
2022,10,10,0,14,76.0,76.0,38.0,25.36,0.0,0,,0,0,15.7,8.3,218,1021.4,31.1,9.9,593,2.1,6,10,63.87,65.0,64.69,64.68,52.21,64.12,65.29,70.38,73464.0,62.4
2022,10,10,0,15,78.7,78.7,37.1,22.42,0.0,0,,0,0,23.0,13.6,241,1020.5,31.7,9.9,469,1.7,5,10,85.69,69.68,83.49,69.26,44.75,83.41,83.83,71.48,74039.0,66.55
2022,10,10,0,16,77.9,77.9,38.6,24.37,0.0,0,,0,0,20.2,10.3,246,1020.4,27.9,9.9,304,1.1,3,10,70.13,63.75,69.77,63.26,45.4,69.33,70.27,72.67,74502.0,60.96
2022,10,10,0,17,76.5,76.5,41.6,28.67,0.0,0,,0,0,14.1,8.8,215,1020.2,50.0,9.9,112,0.4,1,10,215.88,222.23,216.82,205.33,167.91,215.45,217.74,79.73,74955.0,202.78
2022,10,10,0,18,69.8,69.8,42.7,37.47,0.0,0,,0,0,9.6,7.0,193,1020.0,3.8,9.9,13,0.0,0,10,107.64,96.03,106.22,95.07,73.65,106.05,106.28,84.43,75374.0,92.28
2022,10,10,0,19,64.5,64.5,42.0,43.72,0.0,0,,0,0,10.3,6.5,181,1020.3,28.3,9.9,3,0.0,0,10,63.42,53.54,61.47,47.03,27.95,61.52,61.18,70.89,75499.0,46.89
2022,10,10,0,20,58.1,58.1,41.1,53.08,0.0,0,,0,0,16.3,8.3,182,1020.6,5.4,9.9,0,,0,10,57.48,46.23,56.03,45.08,18.11,55.91,55.94,63.63,74763.0,44.74
2022,10,10,0,21,61.3,61.3,42.1,49.38,0.0,0,,0,0,14.5,7.7,165,1020.8,1.6,9.9,0,,0,10,54.53,45.49,53.15,46.1,41.87,53.33,52.63,49.37,72323.0,43.18
2022,10,10,0,22,61.7,61.7,41.1,46.74,0.0,0,,0,0,16.8,10.0,123,1020.9,0.0,9.9,0,,0,10,52.53,44.95,51.75,44.61,22.96,51.85,51.2,42.49,68752.0,41.62
2022,10,10,0,23,58.3,58.3,42.0,54.4,0.0,0,,0,0,18.8,10.4,171,1021.0,0.0,9.9,0,,0,10,,,,,,,,37.54,64792.0,
2022,10,11,1,0,59.0,59.0,40.9,51.03,0.0,0,,0,0,21.0,12.4,170,1020.8,26.7,9.9,0,,0,10,43.74,64.44,47.54,56.97,5.48,47.96,45.75,26.25,62102.0,5.9
2022,10,11,1,1,58.2,58.2,40.9,52.48,0.0,0,,0,0,20.6,10.3,160,1020.6,81.7,9.9,0,,0,10,38.63,55.88,41.95,58.47,6.27,42.35,40.22,23.43,60447.0,11.17
2022,10,11,1,2,58.0,58.0,40.9,52.86,0.0,0,,0,0,19.9,11.5,167,1020.3,31.7,9.9,0,,0,10,38.16,49.31,38.18,55.63,4.06,38.33,37.5,22.89,59523.0,12.17
2022,10,11,1,3,59.3,59.3,39.9,48.61,0.0,0,,0,0,20.6,14.5,169,1020.3,85.6,9.9,0,,0,10,33.53,54.83,33.77,70.43,3.19,33.67,33.54,21.32,58819.0,13.98
2022,10,11,1,4,58.6,58.6,39.8,49.65,0.0,0,,0,0,16.1,12.7,161,1020.2,82.7,9.9,0,,0,10,41.85,73.5,42.96,92.85,19.88,42.98,42.35,23.07,58977.0,25.19
2022,10,11,1,5,57.6,57.6,39.9,51.54,0.0,0,,0,0,22.1,9.7,167,1020.4,31.9,9.9,0,,0,10,53.0,91.79,55.56,99.85,6.93,55.63,54.57,33.46,59282.0,19.71
2022,10,11,1,6,56.6,56.6,39.8,53.29,0.0,0,rain,0,0,22.8,11.6,160,1020.7,8.5,9.9,0,,0,10,62.85,96.03,65.36,88.93,34.17,65.77,64.14,40.31,62908.0,30.0
2022,10,11,1,7,58.7,58.7,39.8,49.39,0.0,0,,0,0,16.1,9.9,169,1020.7,85.7,9.9,2,0.0,0,10,58.44,98.08,59.14,79.0,26.92,59.34,58.86,39.05,66555.0,19.16
2022,10,11,1,8,60.0,60.0,40.9,49.18,0.0,0,,0,0,29.5,14.3,171,1020.8,99.4,9.6,34,0.1,0,10,51.9,80.07,57.23,62.57,24.37,58.2,54.92,37.57,68586.0,24.5
2022,10,11,1,9,61.7,61.7,44.1,52.41,0.01,100,rain,0,0,25.3,17.3,182,1021.1,100.0,9.7,63,0.2,1,10,55.41,81.01,59.07,61.46,16.5,59.73,57.67,36.13,69779.0,34.61
2022,10,11,1,10,57.0,57.0,53.5,87.99,0.03,100,rain,0,0,17.2,15.0,201,1022.0,100.0,4.1,58,0.2,1,10,,,,,,,,40.04,70853.0,
2022,10,11,1,11,57.0,57.0,54.1,89.96,0.03,100,rain,0,0,21.9,13.3,190,1022.3,100.0,9.7,140,0.5,1,3,59.57,77.58,66.61,61.0,17.6,67.39,64.1,42.25,71949.0,42.7
2022,10,11,1,12,56.9,56.9,54.2,90.59,0.03,100,rain,0,0,19.7,13.5,182,1021.8,100.0,8.4,93,0.3,1,10,64.03,72.88,63.23,57.27,16.03,63.7,62.46,44.06,73115.0,50.22
2022,10,11,1,13,56.8,56.8,54.2,90.93,0.02,100,rain,0,0,24.2,13.4,169,1020.9,100.0,6.6,78,0.3,1,10,62.48,65.56,61.17,55.24,13.82,61.16,61.18,47.98,74460.0,49.37
2022,10,11,1,14,57.5,57.5,55.0,91.46,0.01,100,rain,0,0,24.6,13.2,152,1019.8,100.0,9.9,173,0.6,2,10,95.72,58.67,88.62,55.87,14.69,89.42,87.55,51.39,75828.0,50.2
2022,10,11,1,15,58.7,58.7,54.1,84.76,0.0,0,rain,0,0,16.1,14.1,160,1018.6,100.0,9.9,91,0.3,1,10,434.33,247.71,436.01,219.07,86.1,433.92,435.68,53.59,76740.0,192.68
2022,10,11,1,16,59.8,59.8,53.3,78.91,0.0,0,rain,0,0,21.7,12.2,161,1017.9,100.0,9.9,54,0.2,1,10,251.33,86.82,245.05,73.09,16.19,245.48,247.55,54.65,77351.0,32.81
2022,10,11,1,17,59.8,59.8,53.2,78.86,0.0,0,rain,0,0,26.8,8.5,168,1017.2,100.0,9.9,6,0.0,0,10,83.65,64.54,78.81,57.67,22.25,79.02,85.17,59.42,77586.0,28.71
2022,10,11,1,18,59.7,59.7,53.3,79.31,0.0,0,rain,0,0,26.8,5.7,132,1016.7,100.0,9.9,4,0.0,0,10,88.67,80.15,85.04,69.54,38.57,85.12,92.66,65.83,77410.0,31.03
2022,10,11,1,19,58.8,58.8,53.1,81.38,0.0,0,rain,0,0,25.1,6.0,124,1016.2,99.9,9.9,1,0.0,0,10,94.19,95.31,91.25,78.3,41.07,91.25,93.28,58.78,77270.0,28.47
2022,10,11,1,20,61.3,61.3,53.1,74.27,0.0,0,,0,0,17.7,9.5,150,1016.0,99.9,9.9,0,,0,10,68.58,69.82,67.1,55.94,22.91,67.41,65.91,46.39,76491.0,15.75
2022,10,11,1,21,62.2,62.2,53.1,72.23,0.0,0,,0,0,17.9,11.6,169,1015.7,99.9,9.9,0,,0,10,64.95,71.49,67.11,55.19,22.59,67.66,64.83,35.41,74209.0,34.35
2022,10,11,1,22,62.3,62.3,53.2,72.02,0.0,0,rain,0,0,19.7,11.8,179,1016.0,100.0,9.9,0,,0,10,48.47,63.57,57.72,52.35,16.25,58.8,53.63,27.72,70648.0,11.96
2022,10,11,1,23,61.6,61.6,54.9,78.67,0.01,100,rain,0,0,18.3,13.8,163,1015.7,100.0,9.9,0,,0,10,,,,,,,,24.2,67090.0,
2022,10,12,2,0,61.6,61.6,52.2,71.3,0.0,0,rain,0,0,16.1,14.6,166,1014.8,100.0,9.9,0,,0,10,45.47,35.03,43.11,30.49,4.51,43.25,42.28,16.14,64833.0,2.89
2022,10,12,2,1,61.6,61.6,51.4,69.25,0.0,0,rain,0,0,15.9,13.3,170,1013.9,100.0,9.9,0,,0,10,46.52,41.41,45.13,38.71,16.83,44.91,44.65,14.49,62623.0,7.42
2022,10,12,2,2,60.7,60.7,51.2,70.95,0.0,0,rain,0,0,21.0,8.4,171,1013.8,100.0,9.9,0,,0,10,44.22,48.29,44.23,41.51,25.84,43.77,44.02,15.01,60965.0,12.99
2022,10,12,2,3,60.6,60.6,50.2,68.77,0.0,0,,0,0,18.8,8.5,159,1012.6,100.0,9.9,0,,0,10,43.51,33.88,40.94,28.76,8.6,40.81,40.51,14.09,60073.0,5.7
2022,10,12,2,4,59.9,59.9,48.9,67.18,0.0,0,rain,0,0,22.4,11.0,170,1012.0,90.1,9.9,0,,0,10,42.73,55.51,45.44,46.58,27.71,45.25,44.63,15.0,60049.0,6.61
2022,10,12,2,5,60.7,60.7,48.1,63.1,0.0,0,,0,0,22.0,14.3,181,1011.5,99.9,9.9,0,,0,10,43.09,57.57,47.42,48.13,16.57,47.49,46.18,20.69,60992.0,7.03
2022,10,12,2,6,60.5,60.5,48.1,63.55,0.01,100,rain,0,0,25.7,12.2,172,1011.2,90.9,9.9,0,,0,10,74.95,91.84,76.75,75.77,45.91,75.88,76.93,36.44,63524.0,60.45
2022,10,12,2,7,61.4,61.4,46.4,57.64,0.0,0,,0,0,16.1,17.1,171,1009.9,27.9,9.9,4,0.0,0,10,58.21,78.39,60.77,68.08,94.6,60.43,59.97,40.69,66758.0,56.03
2022,10,12,2,8,62.6,62.6,47.0,56.82,0.0,0,,0,0,24.2,16.5,174,1008.7,53.2,9.9,87,0.3,1,10,53.91,71.51,55.43,51.8,52.05,54.86,55.5,47.26,69232.0,48.76
2022,10,12,2,9,59.8,59.8,50.1,70.29,0.03,100,rain,0,0,28.1,11.7,209,1009.8,99.7,6.1,21,0.1,0,10,82.84,101.14,83.54,60.33,53.36,83.12,83.76,50.8,70702.0,69.91
2022,10,12,2,10,57.0,57.0,54.1,90.19,0.13,100,rain,0,0,28.8,20.7,191,1010.0,100.0,3.5,20,0.1,0,10,125.19,132.92,124.48,88.89,38.03,123.83,126.31,49.61,71960.0,94.64
2022,10,12,2,11,59.0,59.0,56.1,89.96,0.02,100,rain,0,0,34.8,22.3,183,1008.8,90.2,9.9,126,0.5,1,10,69.4,74.88,68.53,53.94,12.95,68.18,69.74,52.1,73402.0,52.63
2022,10,12,2,12,61.1,61.1,56.8,85.93,0.0,0,,0,0,34.7,23.6,183,1007.3,51.0,9.9,200,0.7,2,10,59.71,70.69,59.58,46.8,13.84,58.85,60.71,52.78,74630.0,45.61
2022,10,12,2,13,63.8,63.8,56.8,78.02,0.0,0,,0,0,38.0,25.7,202,1007.0,90.9,9.9,84,0.3,1,10,59.16,74.29,62.04,48.96,25.94,61.23,62.23,52.69,75587.0,31.03
2022,10,12,2,14,62.7,62.7,56.9,81.53,0.0,0,rain,0,0,33.1,14.7,221,1007.3,100.0,9.5,63,0.2,1,10,129.31,87.22,130.3,63.61,30.9,129.12,131.64,55.37,76417.0,34.43
2022,10,12,2,15,62.5,62.5,57.1,82.59,0.0,0,,0,0,16.1,11.1,212,1006.9,100.0,9.6,109,0.4,1,10,95.83,52.01,95.32,42.12,27.22,94.56,96.65,56.74,76725.0,43.54
2022,10,12,2,16,63.4,63.4,57.7,81.81,0.0,0,,0,0,21.7,10.9,236,1006.6,99.1,9.9,303,1.1,3,10,78.82,52.87,78.24,42.35,32.31,77.59,79.68,61.29,76746.0,48.0
2022,10,12,2,17,60.7,60.7,55.4,82.67,0.03,100,rain,0,0,37.8,11.0,316,1007.4,82.6,9.9,122,0.4,1,10,76.46,67.97,76.58,60.77,47.47,75.86,78.04,69.16,76677.0,63.31
2022,10,12,2,18,58.4,58.4,52.2,79.89,0.0,0,,0,0,20.4,6.5,310,1007.8,2.2,9.9,12,0.0,0,10,166.01,175.72,169.32,161.93,172.24,168.75,171.42,79.08,76422.0,167.73
2022,10,12,2,19,51.9,51.9,48.5,88.34,0.0,0,,0,0,1.6,4.2,302,1007.9,1.7,9.8,2,0.0,0,10,123.61,130.04,125.7,126.88,116.89,125.68,127.12,66.84,76395.0,124.32
2022,10,12,2,20,51.2,51.2,46.0,82.16,0.0,0,,0,0,2.2,4.4,288,1008.8,2.3,9.7,0,,0,10,67.88,87.36,69.1,64.39,61.39,69.01,69.78,54.64,75527.0,68.18
2022,10,12,2,21,45.9,44.1,43.2,90.2,0.0,0,,0,0,4.3,4.1,221,1009.2,6.1,9.7,0,,0,3,61.5,76.93,60.52,55.09,17.2,60.57,60.72,46.22,72937.0,-9.22
2022,10,12,2,22,45.5,42.2,43.0,91.12,0.0,0,,0,0,9.8,6.1,140,1008.7,90.9,9.8,0,,0,3,54.27,77.39,59.53,60.9,18.88,59.98,58.29,31.0,69242.0,-15.95
2022,10,12,2,23,50.8,50.8,40.9,68.73,0.0,0,,0,0,35.5,20.7,317,1010.9,100.0,9.9,0,,0,10,,,,,,,,27.7,66140.0,
2022,10,13,3,0,49.5,43.3,39.1,67.21,0.0,0,,0,0,32.3,18.3,303,1011.1,100.0,9.9,0,,0,10,49.28,32.16,47.49,31.24,5.26,47.88,47.31,19.96,62692.0,26.51
2022,10,13,3,1,46.8,42.4,42.1,83.76,0.03,100,rain,0,0,29.4,9.1,223,1009.9,99.2,9.9,0,,0,10,49.69,53.33,49.8,42.91,8.32,49.97,49.5,16.53,62462.0,-7.11
2022,10,13,3,2,45.9,41.3,42.1,86.6,0.0,0,,0,0,13.9,9.1,215,1010.0,79.5,9.9,0,,0,10,48.57,42.73,47.87,37.84,17.21,47.89,47.97,15.02,61039.0,10.66
2022,10,13,3,3,43.1,38.4,40.9,91.82,0.0,0,,0,0,13.2,8.0,233,1009.7,0.0,9.9,0,,0,10,40.13,39.1,41.76,35.07,17.77,41.81,41.25,14.54,60349.0,9.93
2022,10,13,3,4,41.2,37.2,39.0,91.77,0.0,0,,0,0,15.7,5.9,243,1009.3,0.0,9.9,0,,0,10,46.81,63.61,49.98,50.45,12.32,49.69,49.6,14.79,60393.0,-13.26
2022,10,13,3,5,39.9,35.7,38.1,93.19,0.0,0,,0,0,12.3,5.9,232,1009.1,3.8,9.9,0,,0,10,49.14,61.62,51.72,52.01,23.63,51.54,51.51,24.97,61483.0,5.56
2022,10,13,3,6,39.7,34.8,38.0,93.71,0.0,0,,0,0,13.6,6.8,222,1009.1,0.6,9.9,0,,0,10,53.7,68.57,56.09,67.26,61.17,55.45,56.38,41.71,63380.0,35.78
2022,10,13,3,7,39.8,34.3,38.1,93.72,0.0,0,,0,0,13.6,8.0,204,1008.7,4.3,9.9,4,0.0,0,10,52.61,66.5,55.52,71.5,110.17,55.06,55.45,40.0,68311.0,50.33
2022,10,13,3,8,42.9,36.8,39.2,86.56,0.0,0,,0,0,16.1,11.2,221,1008.6,0.0,9.9,52,0.2,1,10,52.57,76.76,55.22,84.04,66.24,55.0,55.12,46.56,70560.0,36.08
2022,10,13,3,9,47.0,42.0,41.9,82.24,0.0,0,,0,0,16.4,10.8,224,1008.6,0.0,9.9,218,0.8,2,10,93.39,120.0,96.1,128.3,47.9,95.56,96.75,46.89,71592.0,65.05
2022,10,13,3,10,51.0,51.0,39.8,65.48,0.0,0,,0,0,18.5,15.0,251,1008.6,0.0,9.9,403,1.5,4,10,55.29,73.55,57.57,80.08,20.16,57.07,57.72,45.84,72358.0,23.06
2022,10,13,3,11,53.9,53.9,39.8,58.86,0.0,0,,0,0,16.1,15.5,257,1008.5,0.0,9.9,525,1.9,5,10,51.37,71.94,59.57,73.72,31.85,59.63,57.7,46.15,73009.0,31.09
2022,10,13,3,12,56.8,56.8,35.8,45.34,0.0,0,,0,0,20.8,15.4,267,1007.9,0.6,9.9,584,2.1,6,10,78.89,88.33,87.56,87.74,60.54,87.73,85.67,45.51,73679.0,43.64
2022,10,13,3,13,58.6,58.6,32.8,37.6,0.0,0,,0,0,28.2,16.9,269,1007.6,31.6,9.9,399,1.4,4,10,146.29,59.81,149.74,55.17,46.96,150.08,148.87,47.42,74197.0,34.34
2022,10,13,3,14,58.4,58.4,28.2,31.4,0.0,0,,0,0,40.6,23.2,252,1007.1,83.4,9.9,118,0.4,1,10,64.09,68.58,67.24,50.71,47.62,67.24,66.52,50.13,74413.0,34.4
2022,10,13,3,15,56.6,56.6,27.0,31.91,0.0,0,,0,0,35.5,22.6,270,1007.4,98.3,9.9,222,0.8,2,10,116.08,81.17,118.87,54.35,36.07,119.22,117.96,54.03,74401.0,32.37
2022,10,13,3,16,58.1,58.1,25.7,28.57,0.0,0,,0,0,34.2,24.9,280,1008.0,98.1,9.9,256,0.9,3,10,63.2,68.62,63.82,52.81,46.55,63.26,64.47,58.27,74271.0,28.06
2022,10,13,3,17,53.7,53.7,21.9,28.6,0.0,0,,0,0,31.5,14.7,279,1008.7,53.5,9.9,72,0.3,1,10,67.52,79.46,70.21,74.08,95.37,69.08,71.21,63.29,74251.0,48.12
2022,10,13,3,18,52.4,52.4,23.1,31.62,0.0,0,,0,0,29.8,12.9,269,1009.0,46.7,9.9,10,0.0,0,10,242.55,257.01,248.85,254.41,288.67,245.92,252.8,82.65,74470.0,247.66
2022,10,13,3,19,45.0,41.9,25.2,45.48,0.0,0,,0,0,12.1,5.8,275,1009.3,6.8,9.9,2,0.0,0,10,79.08,81.9,80.23,80.28,86.53,79.61,81.75,76.0,74907.0,79.59
2022,10,13,3,20,43.2,39.0,26.4,51.4,0.0,0,,0,0,14.3,6.9,292,1010.2,87.6,9.9,0,,0,10,197.3,88.72,169.93,83.97,98.37,181.48,341.44,65.93,74598.0,92.67
2022,10,13,3,21,42.8,38.4,28.4,56.62,0.0,0,,0,0,12.3,7.2,352,1010.8,28.4,9.9,0,,0,10,60.3,59.47,60.63,55.92,65.96,60.29,61.51,61.34,72659.0,62.38
2022,10,13,3,22,41.2,41.2,27.6,58.32,0.0,0,,0,0,8.5,2.8,36,1010.9,0.0,9.9,0,,0,10,55.62,58.16,56.1,56.58,59.1,55.73,56.49,55.25,69664.0,57.4
2022,10,13,3,23,34.3,29.0,28.7,79.72,0.0,0,,0,0,6.7,6.0,121,1010.2,56.1,9.9,0,,0,10,,,,,,,,54.4,66975.0,
2022,10,14,4,0,40.5,35.2,31.2,69.25,0.0,0,,0,0,7.6,8.0,109,1009.6,100.0,9.9,0,,0,10,43.79,46.26,44.48,41.62,41.91,44.08,44.73,45.07,63741.0,44.48
2022,10,14,4,1,40.5,36.0,31.0,68.78,0.0,0,,0,0,14.1,6.6,109,1009.0,95.3,9.9,0,,0,10,43.58,43.24,44.13,41.71,35.32,43.57,44.6,42.96,62425.0,41.23
2022,10,14,4,2,37.9,37.9,31.0,75.91,0.0,0,,0,0,14.1,1.9,195,1008.7,86.2,9.9,0,,0,10,40.82,36.64,40.92,35.79,15.8,40.38,41.6,38.13,61254.0,34.7
2022,10,14,4,3,35.0,29.2,30.1,82.15,0.0,0,,0,0,13.9,7.0,234,1008.4,1.0,9.9,0,,0,10,46.99,35.9,44.04,35.23,9.36,44.17,44.04,37.12,60742.0,33.46
2022,10,14,4,4,37.4,29.3,30.0,74.18,0.0,0,,0,0,13.4,12.8,179,1007.4,0.0,9.9,0,,0,10,44.15,40.99,43.37,40.09,16.56,43.24,43.52,38.36,60926.0,38.93
2022,10,14,4,5,35.8,28.7,29.0,76.09,0.0,0,,0,0,14.5,9.4,181,1007.1,0.0,9.9,0,,0,10,48.64,53.9,49.74,31.56,26.24,49.43,49.86,55.56,62077.0,51.03
2022,10,14,4,6,35.3,27.9,29.1,77.92,0.0,0,,0,0,13.2,9.7,201,1007.2,0.0,9.9,0,,0,10,54.91,60.33,56.13,50.45,50.1,55.81,56.25,81.58,64790.0,59.41
2022,10,14,4,7,36.8,29.3,29.9,75.78,0.0,0,,0,0,15.7,10.9,222,1007.6,3.8,9.9,4,0.0,0,10,52.63,68.95,53.73,47.31,50.18,53.48,53.89,72.7,69238.0,60.44
2022,10,14,4,8,37.3,31.2,30.1,75.2,0.0,0,,0,0,16.1,8.2,222,1008.4,7.6,9.9,70,0.3,1,10,52.88,88.11,56.75,53.96,54.15,56.37,56.09,60.69,71527.0,94.49
2022,10,14,4,9,43.3,37.2,30.1,59.38,0.0,0,,0,0,20.8,11.2,232,1009.1,0.0,9.9,232,0.8,2,10,56.49,79.9,60.15,44.97,57.65,60.02,59.26,62.38,72455.0,98.81
2022,10,14,4,10,50.0,46.2,27.2,41.0,0.0,0,,0,0,17.2,9.5,240,1009.0,0.0,9.9,417,1.5,4,10,50.18,74.28,53.83,42.41,38.03,53.52,53.16,59.27,72630.0,87.81
2022,10,14,4,11,55.0,55.0,24.4,30.31,0.0,0,,0,0,17.1,11.5,202,1008.4,0.0,9.9,528,1.9,5,10,45.38,45.79,45.89,29.11,26.16,45.26,46.74,53.81,72532.0,42.39
2022,10,14,4,12,61.0,61.0,21.1,21.29,0.0,0,,0,0,31.5,16.8,200,1007.1,0.0,9.9,596,2.1,6,10,50.85,53.99,55.12,32.48,26.5,54.77,54.77,46.91,72609.0,40.15
2022,10,14,4,13,63.9,63.9,21.8,19.87,0.0,0,,0,0,32.3,21.2,209,1005.9,0.0,9.9,605,2.2,6,10,55.79,59.8,60.32,34.67,23.72,60.45,59.15,45.2,72790.0,35.19
2022,10,14,4,14,64.8,64.8,21.9,19.23,0.0,0,,0,0,36.9,17.9,221,1004.9,0.0,9.9,538,1.9,5,10,56.5,56.94,58.54,35.2,23.77,58.17,58.68,46.16,73079.0,37.96
2022,10,14,4,15,64.7,64.7,22.1,19.52,0.0,0,,0,0,38.3,22.5,229,1004.5,0.0,9.9,343,1.2,3,10,87.22,68.56,86.57,33.45,23.21,87.12,85.61,48.03,73025.0,44.57
2022,10,14,4,16,62.5,62.5,25.1,23.87,0.0,0,,0,0,36.2,23.4,248,1005.2,0.0,9.9,118,0.4,1,10,73.02,72.39,76.78,45.03,23.49,77.12,75.07,53.73,72818.0,45.21
2022,10,14,4,17,60.7,60.7,28.1,28.85,0.0,0,,0,0,29.3,10.2,238,1005.4,77.2,9.9,68,0.2,1,10,87.97,97.35,98.19,82.6,43.46,98.83,94.71,64.34,72646.0,62.38
2022,10,14,4,18,59.8,59.8,30.2,32.43,0.0,0,,0,0,21.9,13.7,222,1005.5,98.4,9.9,3,0.0,0,10,55.19,61.54,59.35,42.81,45.03,59.07,58.38,81.59,72569.0,50.25
2022,10,14,4,19,59.4,59.4,33.8,38.02,0.0,0,,0,0,28.1,16.5,258,1006.2,100.0,9.9,0,,0,10,53.43,61.96,55.56,39.09,52.44,54.59,55.57,71.39,72491.0,51.57
2022,10,14,4,20,56.1,56.1,40.3,55.35,0.0,0,rain,0,0,19.7,15.3,269,1006.8,100.0,9.9,0,,0,10,52.31,64.59,54.39,32.65,48.54,53.34,54.55,61.08,71661.0,50.25
2022,10,14,4,21,50.6,50.6,46.7,86.44,0.06,100,rain,0,0,21.9,12.5,286,1007.6,100.0,6.7,0,,0,10,49.84,62.08,51.71,34.34,47.25,50.65,52.2,52.65,69755.0,48.86
2022,10,14,4,22,48.0,46.3,45.5,91.24,0.07,100,rain,0,0,24.2,4.3,6,1007.0,95.3,9.4,0,,0,10,49.9,52.9,51.67,34.72,47.19,50.73,52.08,49.24,67189.0,49.31
2022,10,14,4,23,43.7,42.4,43.5,99.47,0.01,100,rain,0,0,8.3,3.1,230,1007.8,35.2,9.6,0,,0,10,,,,,,,,48.8,64182.0,
2022,10,15,5,0,41.1,37.9,40.1,96.01,0.0,0,,0,0,8.1,4.9,277,1008.1,7.5,2.1,0,,0,10,46.8,48.95,48.22,41.78,44.04,47.59,48.27,44.28,61213.0,46.47
2022,10,15,5,1,43.8,38.3,42.7,96.0,0.0,0,,0,0,17.0,10.1,282,1008.7,90.3,9.8,0,,0,10,39.82,41.3,40.97,39.27,37.5,40.35,40.86,42.9,58761.0,39.37
2022,10,15,5,2,42.5,36.6,39.4,88.61,0.0,0,,0,0,19.7,10.5,304,1010.0,47.1,9.9,0,,0,10,39.4,40.85,40.44,38.42,36.83,39.9,40.38,41.96,57512.0,38.88
2022,10,15,5,3,39.4,35.9,36.9,90.54,0.0,0,,0,0,15.2,4.9,264,1010.9,0.0,9.9,0,,0,10,40.13,41.93,41.05,40.97,36.56,40.58,40.96,40.22,56812.0,40.08
2022,10,15,5,4,36.2,30.1,35.2,96.29,0.0,0,,0,0,11.9,7.8,258,1011.6,0.0,9.9,0,,0,10,38.62,39.78,39.43,38.89,25.95,39.02,39.27,42.1,56574.0,37.99
2022,10,15,5,5,36.0,30.4,34.2,93.37,0.0,0,,0,0,13.4,6.8,248,1012.5,0.0,9.9,0,,0,10,40.93,41.03,41.62,40.24,21.92,41.26,41.44,44.54,57056.0,42.05
2022,10,15,5,6,34.4,28.5,33.4,96.22,0.0,0,,0,0,9.6,6.8,234,1013.4,0.0,9.9,0,,0,10,39.85,55.58,42.86,44.48,23.03,42.68,41.84,50.32,58555.0,73.65
2022,10,15,5,7,34.3,27.9,32.3,92.32,0.0,0,,0,0,11.6,7.7,250,1014.3,3.8,9.9,2,0.0,0,10,41.26,72.54,46.45,43.34,25.97,46.54,44.4,55.32,60836.0,105.76
2022,10,15,5,8,35.5,29.6,33.6,92.52,0.0,0,,0,0,14.1,7.2,261,1015.2,0.0,9.9,46,0.2,0,10,38.68,57.67,42.28,37.09,25.09,42.02,41.34,57.53,62630.0,79.05
2022,10,15,5,9,40.0,34.1,36.0,85.41,0.0,0,,0,0,15.9,9.0,262,1016.3,0.0,9.9,237,0.9,2,10,43.74,53.91,45.94,36.47,33.43,45.52,46.13,61.47,63952.0,62.85
2022,10,15,5,10,44.1,38.7,37.1,76.33,0.0,0,,0,0,13.6,9.9,260,1016.8,0.0,9.9,414,1.5,4,10,42.75,41.52,43.41,35.16,14.15,42.65,44.5,54.72,64993.0,39.94
2022,10,15,5,11,47.0,41.4,36.9,67.71,0.0,0,,0,0,17.5,12.8,243,1017.4,3.8,9.9,546,2.0,5,10,46.58,38.75,46.36,31.83,9.93,45.24,48.32,52.01,65872.0,36.26
2022,10,15,5,12,49.9,45.4,34.2,54.68,0.0,0,,0,0,17.5,11.4,266,1017.6,1.2,9.9,604,2.2,6,10,47.04,36.59,47.02,27.62,8.14,45.71,49.15,48.86,66455.0,34.21
2022,10,15,5,13,51.1,51.1,31.2,46.28,0.0,0,,0,0,19.7,10.1,234,1017.2,0.0,9.9,613,2.2,6,10,51.69,35.15,50.75,29.57,3.42,49.01,53.68,45.52,66951.0,33.07
2022,10,15,5,14,53.7,53.7,32.2,43.8,0.0,0,,0,0,18.3,12.3,240,1016.5,0.0,9.9,559,2.0,6,10,57.92,39.2,56.63,25.82,-2.14,54.9,59.35,44.87,67425.0,35.99
2022,10,15,5,15,53.7,53.7,32.1,43.57,0.0,0,,0,0,17.2,12.8,240,1016.0,0.0,9.9,460,1.7,5,10,64.11,47.16,63.49,16.23,1.31,61.97,65.89,47.16,67874.0,42.97
2022,10,15,5,16,55.5,55.5,33.9,43.99,0.0,0,,0,0,13.9,13.4,256,1016.6,0.0,9.9,370,1.3,4,10,62.1,50.41,62.15,31.79,7.22,60.93,63.85,50.72,68394.0,46.54
2022,10,15,5,17,54.6,54.6,33.3,44.33,0.0,0,,0,0,17.2,10.8,218,1016.1,0.0,9.9,41,0.1,0,10,94.95,83.04,95.54,50.38,27.11,93.96,97.46,62.16,68994.0,76.96
2022,10,15,5,18,51.7,51.7,35.2,53.31,0.0,0,,0,0,14.5,4.9,213,1015.7,0.0,9.9,4,0.0,0,10,61.75,65.71,63.49,46.64,40.78,62.8,63.69,90.54,69823.0,67.65
2022,10,15,5,19,49.7,47.5,34.4,55.46,0.0,0,,0,0,9.2,5.6,236,1016.3,11.4,9.9,1,0.0,0,10,50.48,47.65,51.35,38.04,28.07,50.5,51.99,64.12,70258.0,43.8
2022,10,15,5,20,46.5,42.6,35.2,64.61,0.0,0,,0,0,13.6,7.6,191,1016.0,90.9,9.9,0,,0,10,49.72,47.12,50.62,33.43,31.59,49.92,51.24,53.63,69739.0,43.38
2022,10,15,5,21,48.8,45.8,35.9,60.67,0.0,0,,0,0,15.0,7.1,191,1015.8,99.9,9.9,0,,0,10,49.4,42.95,49.38,39.69,26.7,48.84,49.96,44.28,68075.0,39.94
2022,10,15,5,22,48.9,46.0,36.0,60.92,0.0,0,,0,0,12.1,6.5,222,1016.1,99.9,9.9,0,,0,10,44.12,42.27,45.0,33.24,32.5,44.38,45.53,39.74,65663.0,39.21
2022,10,15,5,23,47.1,44.9,38.4,71.73,0.0,0,,0,0,13.2,4.9,220,1016.1,98.2,9.9,0,,0,10,,,,,,,,39.41,62794.0,
2022,10,16,6,0,47.6,44.1,36.9,66.27,0.0,0,,0,0,16.6,7.6,212,1015.7,91.4,9.9,0,,0,10,41.89,40.59,42.91,32.0,29.5,42.36,43.18,39.68,59751.0,31.06
2022,10,16,6,1,47.6,44.3,36.9,66.3,0.0,0,,0,0,16.6,6.9,211,1015.2,84.6,9.9,0,,0,10,36.86,37.02,37.89,32.33,27.68,37.36,38.22,38.68,57886.0,28.0
2022,10,16,6,2,46.1,42.0,36.9,69.95,0.0,0,,0,0,18.6,8.0,204,1015.1,82.3,9.9,0,,0,10,34.68,36.0,35.75,34.49,30.0,35.2,36.05,37.19,56465.0,33.58
2022,10,16,6,3,47.4,43.7,35.9,64.29,0.0,0,,0,0,18.1,7.7,214,1015.2,91.8,9.9,0,,0,10,35.28,36.77,36.2,35.76,30.97,35.71,36.42,36.42,55647.0,34.9
2022,10,16,6,4,47.6,44.9,36.0,63.86,0.0,0,,0,0,16.3,5.8,266,1015.1,82.0,9.9,0,,0,10,36.51,38.33,37.34,36.61,31.66,36.93,37.47,38.51,55276.0,36.65
2022,10,16,6,5,44.8,41.6,35.9,70.64,0.0,0,,0,0,13.6,5.9,235,1014.9,74.5,9.9,0,,0,10,39.74,43.2,40.71,41.3,28.52,40.26,40.75,43.18,55464.0,41.37
2022,10,16,6,6,41.2,36.2,35.1,78.67,0.0,0,,0,0,17.0,7.7,279,1014.7,0.0,9.9,0,,0,10,43.97,49.07,44.93,40.99,28.46,44.69,44.89,54.3,56441.0,46.68
2022,10,16,6,7,41.3,35.3,35.9,80.88,0.0,0,,0,0,18.3,9.8,279,1015.3,0.0,9.9,4,0.0,0,10,44.41,48.92,45.3,42.04,33.64,45.11,45.17,55.04,58120.0,46.54
2022,10,16,6,8,45.9,40.6,37.0,70.91,0.0,0,,0,0,18.6,11.1,298,1015.4,0.0,9.9,82,0.3,1,10,44.28,48.21,45.15,37.13,33.75,44.95,45.17,62.78,59446.0,45.6
2022,10,16,6,9,48.9,44.5,37.1,63.62,0.0,0,,0,0,25.9,10.4,301,1015.6,0.0,9.9,276,1.0,3,10,46.32,48.59,47.39,35.69,31.44,47.03,47.6,62.79,61119.0,46.37
2022,10,16,6,10,53.1,53.1,37.9,56.2,0.0,0,,0,0,20.1,12.5,303,1015.6,0.0,9.9,403,1.5,4,10,45.03,38.57,45.38,36.35,13.39,44.74,46.43,61.63,62782.0,36.48
2022,10,16,6,11,57.6,57.6,37.1,46.31,0.0,0,,0,0,17.2,15.0,302,1015.6,3.9,9.9,508,1.8,5,10,45.58,38.39,46.02,35.62,7.75,45.12,47.33,57.62,64320.0,34.74
2022,10,16,6,12,59.8,59.8,37.1,42.75,0.0,0,,0,0,21.6,15.3,300,1015.7,0.0,9.9,470,1.7,5,10,46.25,43.64,47.49,34.54,13.26,46.47,48.6,51.74,65845.0,22.35
2022,10,16,6,13,60.6,60.6,37.6,42.41,0.0,0,,0,0,24.9,16.0,292,1015.7,0.0,9.9,317,1.1,3,10,48.1,41.89,49.07,32.94,14.02,48.09,50.06,46.46,66998.0,8.66
2022,10,16,6,14,60.5,60.5,35.7,39.4,0.0,0,,0,0,25.1,19.0,299,1014.9,22.9,9.9,556,2.0,6,10,50.88,50.32,52.83,35.19,14.61,51.79,53.94,43.47,67741.0,5.23
2022,10,16,6,15,58.8,58.8,34.7,40.35,0.0,0,,0,0,29.6,17.5,293,1014.7,0.6,9.9,363,1.3,4,10,53.22,60.18,54.36,39.1,16.82,54.0,55.0,47.52,68402.0,-1.45
2022,10,16,6,16,59.8,59.8,33.8,37.58,0.0,0,,0,0,24.0,15.4,293,1014.4,4.3,9.9,240,0.9,2,10,53.21,65.17,55.36,42.76,29.61,54.71,55.74,48.28,69150.0,3.17
2022,10,16,6,17,57.5,57.5,33.7,40.6,0.0,0,,0,0,24.0,16.7,293,1014.5,0.0,9.9,94,0.3,1,10,54.37,72.29,57.14,52.09,39.51,56.19,57.38,60.0,69952.0,10.54
2022,10,16,6,18,55.4,55.4,33.9,44.03,0.0,0,,0,0,23.0,14.8,302,1014.5,49.4,9.9,7,0.0,0,10,59.49,74.39,62.68,72.37,56.73,61.52,62.93,80.06,70948.0,63.01
2022,10,16,6,19,51.8,51.8,34.8,52.07,0.0,0,,0,0,20.8,8.9,328,1015.0,99.1,9.9,2,0.0,0,10,51.15,59.54,54.37,52.1,73.13,53.55,54.16,58.62,71785.0,42.77
2022,10,16,6,20,47.3,43.9,34.7,61.34,0.0,0,,0,0,16.1,7.1,320,1015.3,54.1,9.9,0,,0,10,47.95,44.55,48.64,39.83,23.04,47.96,49.12,47.96,71497.0,22.68
2022,10,16,6,21,47.1,42.9,35.2,63.06,0.0,0,,0,0,27.1,9.0,320,1015.4,87.1,9.9,0,,0,10,46.54,46.8,49.46,43.92,19.95,48.77,46.55,40.2,69655.0,31.8
2022,10,16,6,22,42.9,38.8,33.6,69.32,0.0,0,,0,0,18.3,6.9,317,1015.7,17.4,9.9,0,,0,10,42.91,42.06,45.95,36.05,21.99,45.62,41.96,30.21,66987.0,12.84
2022,10,16,6,23,45.1,41.2,34.2,65.56,0.0,0,,0,0,11.0,7.1,273,1015.3,100.0,9.9,0,,0,10,,,,,,,,31.31,63910.0,
2022,10,17,0,0,44.6,40.6,32.4,61.86,0.0,0,,0,0,18.8,7.3,281,1014.8,92.3,9.9,0,,0,10,37.12,30.22,36.7,24.02,9.22,36.65,36.46,20.95,61055.0,-1.35
2022,10,17,0,1,39.9,34.4,29.7,66.68,0.0,0,,0,0,17.0,8.1,280,1014.3,3.8,9.9,0,,0,10,36.29,32.87,36.32,27.12,10.82,36.22,36.12,18.72,59213.0,-3.28
2022,10,17,0,2,38.0,31.8,29.0,69.6,0.0,0,,0,0,15.7,8.8,279,1014.0,11.1,9.9,0,,0,10,35.38,31.22,35.22,25.53,8.74,35.17,34.99,18.71,58342.0,-4.26
2022,10,17,0,3,37.8,31.0,29.0,70.45,0.0,0,,0,0,19.0,9.7,288,1013.9,46.0,9.9,0,,0,10,36.02,36.82,36.83,30.19,12.52,36.68,36.52,17.89,58095.0,-4.16
2022,10,17,0,4,36.0,29.1,29.1,75.77,0.0,0,,0,0,19.2,9.0,280,1013.3,4.4,9.9,0,,0,10,38.47,41.37,39.8,31.28,15.97,39.74,39.19,18.75,58591.0,-7.76
2022,10,17,0,5,35.1,27.5,28.3,75.92,0.0,0,,0,0,14.8,10.1,281,1013.4,1.6,9.9,0,,0,10,44.25,52.93,46.51,43.19,30.84,46.48,45.85,29.33,60522.0,2.85
2022,10,17,0,6,34.2,27.0,28.2,78.34,0.0,0,,0,0,19.5,9.0,289,1013.3,1.0,9.9,0,,0,10,49.09,59.21,51.14,56.52,31.69,50.97,50.79,52.65,64834.0,42.07
2022,10,17,0,7,32.4,24.5,28.1,84.11,0.0,0,,0,0,19.0,9.3,282,1013.5,6.8,9.9,3,0.0,0,10,48.57,72.7,50.5,54.49,41.15,50.31,50.12,56.6,70365.0,45.63
2022,10,17,0,8,35.2,25.4,28.1,75.07,0.0,0,,0,0,17.1,15.9,284,1013.7,39.3,9.9,65,0.2,1,10,48.27,71.51,50.61,57.88,49.79,50.3,51.89,52.66,73504.0,39.5
2022,10,17,0,9,36.3,26.9,27.9,71.33,0.0,0,,0,0,23.6,15.5,293,1014.3,94.7,9.9,238,0.9,2,10,45.5,75.29,48.62,57.27,38.8,48.11,47.96,51.81,74667.0,31.5
2022,10,17,0,10,39.8,30.8,25.0,55.13,0.0,0,,0,0,28.3,17.4,311,1014.5,32.3,9.9,327,1.2,3,10,45.3,69.81,47.87,49.79,32.8,47.15,47.65,48.03,75029.0,30.4
2022,10,17,0,11,42.0,32.6,21.9,44.6,0.0,0,,0,0,31.6,22.2,310,1014.9,56.8,9.9,353,1.3,4,10,47.37,73.59,50.08,52.52,33.17,49.2,49.9,47.93,75267.0,35.4
2022,10,17,0,12,43.0,35.5,22.1,43.22,0.0,0,,0,0,31.9,15.4,283,1015.0,58.8,9.9,746,2.7,7,10,49.6,70.03,51.9,54.07,26.71,50.97,52.23,46.18,75570.0,31.62
2022,10,17,0,13,43.7,36.1,22.2,42.2,0.0,0,,0,0,29.8,16.6,292,1015.0,91.0,9.9,703,2.5,7,10,48.41,72.07,51.06,55.05,22.72,50.16,49.74,45.73,75776.0,32.99
2022,10,17,0,14,42.8,34.0,22.2,43.61,0.0,0,,0,0,31.1,20.9,302,1015.0,100.0,9.9,148,0.5,1,10,44.77,54.7,48.73,34.85,16.09,46.01,45.19,43.47,75934.0,22.12
2022,10,17,0,15,42.9,34.7,24.3,47.5,0.0,0,,0,0,28.4,17.9,318,1015.1,100.0,9.9,114,0.4,1,10,48.25,63.8,49.45,36.26,20.53,48.55,49.82,44.4,75708.0,14.29
2022,10,17,0,16,42.8,34.0,24.3,47.67,0.0,0,,0,0,28.6,20.5,310,1015.7,100.0,9.9,69,0.2,1,10,47.48,57.17,48.43,35.3,20.98,47.75,48.7,45.78,75649.0,17.36
2022,10,17,0,17,41.8,33.5,24.3,49.64,0.0,0,,0,0,27.8,17.5,312,1016.1,100.0,9.9,23,0.1,0,10,47.97,64.15,49.36,35.66,22.33,48.72,49.63,54.58,76010.0,20.86
2022,10,17,0,18,40.6,32.3,24.6,52.46,0.0,0,,0,0,26.6,16.2,310,1016.7,100.0,9.9,2,0.0,0,10,49.99,70.1,51.9,36.84,30.73,51.47,54.48,74.26,76773.0,45.79
2022,10,17,0,19,39.3,30.5,25.6,57.56,0.0,0,,0,0,28.3,16.6,316,1017.0,100.0,9.9,0,,0,10,72.97,84.51,74.3,36.38,41.86,73.85,84.06,64.13,77778.0,62.77
2022,10,17,0,20,37.0,27.8,29.0,72.36,0.0,0,,0,0,31.8,15.8,281,1017.1,100.0,9.9,0,,0,10,53.71,67.97,54.81,28.66,26.79,54.84,56.74,52.61,77296.0,34.4
2022,10,17,0,21,37.0,29.2,29.0,72.68,0.0,0,,0,0,19.8,11.7,293,1016.8,99.2,9.9,0,,0,10,,,,,,,,45.64,75459.0,
2022,10,17,0,22,37.6,27.7,27.2,66.05,0.0,0,,0,0,25.4,18.5,318,1016.9,92.4,9.9,0,,0,10,42.2,57.19,44.12,36.71,27.56,43.99,50.57,32.76,72601.0,9.15
2022,10,17,0,23,35.6,26.4,27.1,70.87,0.0,0,,0,0,16.1,14.3,310,1017.0,92.4,9.9,0,,0,10,,,,,,,,30.6,69210.0,
2022,10,18,1,0,34.0,24.9,27.0,75.42,0.0,0,,0,0,17.4,12.8,319,1016.6,9.1,9.9,0,,0,10,41.92,51.07,42.61,32.03,13.91,42.53,42.27,21.94,66087.0,5.7
2022,10,18,1,1,34.9,25.7,28.1,76.14,0.0,0,,0,0,18.3,13.9,311,1016.4,99.4,9.9,0,,0,10,43.81,45.89,44.43,32.93,13.66,44.48,44.18,20.0,63615.0,2.91
2022,10,18,1,2,34.8,26.1,28.1,76.21,0.0,0,,0,0,18.8,12.6,311,1016.4,99.2,9.9,0,,0,10,40.46,47.07,41.2,32.6,20.48,41.28,40.81,20.95,62680.0,9.65
2022,10,18,1,3,33.0,23.1,27.0,78.21,0.0,0,,0,0,16.9,14.4,311,1016.6,79.5,9.9,0,,0,10,46.24,55.23,46.95,34.98,18.9,47.22,46.39,20.11,62330.0,2.7
2022,10,18,1,4,31.9,21.7,26.8,81.16,0.0,0,,0,0,21.0,14.6,320,1016.6,0.6,9.9,0,,0,10,49.56,63.65,50.19,35.55,26.58,50.6,49.6,24.09,62701.0,14.29
2022,10,18,1,5,30.8,20.4,26.0,82.31,0.0,0,,0,0,16.1,13.8,318,1017.1,0.0,9.9,0,,0,10,46.11,62.08,46.75,40.26,35.89,47.0,46.46,36.43,64551.0,36.2
2022,10,18,1,6,30.8,20.6,26.0,82.16,0.0,0,,0,0,17.2,13.6,303,1017.8,0.0,9.9,0,,0,10,109.01,134.57,110.65,53.79,87.52,111.56,111.1,59.17,68602.0,93.93
2022,10,18,1,7,30.8,21.7,25.1,78.99,0.0,0,,0,0,26.2,11.2,311,1018.3,11.2,9.9,5,0.0,0,10,58.04,82.54,58.24,47.07,55.31,59.06,59.86,67.74,73975.0,61.7
2022,10,18,1,8,31.2,22.3,26.0,80.9,0.0,0,,0,0,18.3,10.8,303,1018.7,34.0,9.9,67,0.2,1,10,52.33,74.58,52.33,38.28,47.02,53.3,52.7,58.62,76737.0,51.7
2022,10,18,1,9,35.7,24.8,26.7,69.5,0.0,0,,0,0,27.9,19.9,312,1019.2,35.1,9.9,100,0.4,1,10,55.83,77.3,55.12,45.03,51.36,56.81,56.6,59.92,77325.0,55.21
2022,10,18,1,10,37.0,26.4,25.2,62.01,0.0,0,,0,0,29.6,20.8,320,1019.5,39.5,9.9,293,1.1,3,10,42.06,62.83,42.19,38.68,36.65,42.74,54.73,55.95,76854.0,37.54
2022,10,18,1,11,39.8,31.0,26.1,57.74,0.0,0,,0,0,27.3,16.8,311,1019.4,32.9,9.9,324,1.2,3,10,47.69,61.97,48.28,42.39,42.39,48.43,48.43,51.26,76008.0,46.03
2022,10,18,1,12,42.9,34.8,26.1,51.14,0.0,0,,0,0,25.6,17.9,302,1019.2,9.4,9.9,605,2.2,6,10,46.5,68.5,47.19,44.12,42.41,47.29,47.22,49.63,75185.0,46.02
2022,10,18,1,13,45.7,38.3,26.1,46.1,0.0,0,,0,0,28.7,18.1,300,1018.7,24.6,9.9,596,2.1,6,10,45.89,62.0,46.72,40.84,41.99,46.68,46.71,45.37,74505.0,45.15
2022,10,18,1,14,46.0,38.0,26.1,45.46,0.0,0,,0,0,32.6,22.0,298,1018.0,36.5,9.9,538,1.9,5,10,43.29,61.7,44.29,35.19,37.31,44.1,44.36,42.29,74040.0,34.19
2022,10,18,1,15,47.7,40.1,26.1,42.69,0.0,0,,0,0,29.9,22.5,292,1017.6,7.8,9.9,417,1.5,4,10,45.49,72.97,46.68,36.88,37.33,46.45,46.76,43.53,73451.0,28.17
2022,10,18,1,16,47.8,40.1,25.2,40.98,0.0,0,,0,0,32.6,23.1,291,1017.3,0.6,9.9,256,0.9,3,10,45.45,69.57,46.73,39.94,39.93,46.45,46.78,47.77,73190.0,36.63
2022,10,18,1,17,47.6,40.4,24.1,39.54,0.0,0,,0,0,31.8,20.2,291,1017.2,0.6,9.9,86,0.3,1,10,61.97,210.56,64.62,61.95,149.85,66.25,64.14,65.77,73604.0,170.28
2022,10,18,1,18,45.7,39.1,22.1,38.93,0.0,0,,0,0,30.9,15.1,301,1017.5,1.6,9.9,6,0.0,0,10,54.35,156.36,55.52,57.56,111.37,57.16,55.59,87.73,74958.0,126.05
2022,10,18,1,19,42.0,36.1,22.1,44.81,0.0,0,,0,0,19.9,10.1,301,1018.1,2.2,9.9,0,,0,10,50.5,69.86,51.38,38.47,45.87,51.68,51.81,73.34,76816.0,47.58
2022,10,18,1,20,38.5,32.5,23.1,53.65,0.0,0,,0,0,16.1,8.5,283,1018.4,9.8,9.9,0,,0,10,100.25,113.54,102.9,38.55,84.41,102.79,107.06,59.27,76843.0,92.82
2022,10,18,1,21,38.5,31.6,23.1,53.67,0.0,0,,0,0,16.1,10.3,293,1018.6,17.6,9.9,0,,0,10,49.19,53.31,50.22,48.38,44.73,50.27,50.38,47.32,75399.0,46.25
2022,10,18,1,22,35.7,28.7,22.9,59.23,0.0,0,,0,0,19.7,9.3,284,1018.9,9.0,9.9,0,,0,10,45.58,47.81,46.45,42.35,39.63,46.54,46.34,42.13,72833.0,39.1
2022,10,18,1,23,37.3,29.2,22.7,55.2,0.0,0,,0,0,19.7,12.6,292,1018.6,1.7,9.9,0,,0,10,,,,,,,,39.75,69675.0,
2022,10,19,2,0,37.0,28.9,20.9,51.74,0.0,0,,0,0,20.8,12.5,300,1018.8,1.6,9.9,0,,0,10,48.59,95.15,48.52,43.85,57.75,14.88,47.74,36.7,66896.0,67.27
2022,10,19,2,1,35.2,26.8,21.6,57.27,0.0,0,,0,0,17.2,11.9,293,1018.6,0.6,9.9,0,,0,10,45.91,48.18,45.83,45.18,41.51,46.65,46.0,34.35,64288.0,44.67
2022,10,19,2,2,32.5,23.9,21.5,63.75,0.0,0,,0,0,19.7,10.8,293,1018.9,0.0,9.9,0,,0,10,64.18,67.58,63.15,48.25,49.93,65.26,63.3,34.04,63550.0,62.24
2022,10,19,2,3,32.3,23.3,21.6,64.3,0.0,0,,0,0,18.7,11.6,300,1018.7,0.0,9.9,0,,0,10,62.28,65.54,61.29,37.36,49.85,63.48,61.35,34.45,63420.0,59.98
2022,10,19,2,4,32.1,23.6,20.9,62.73,0.0,0,,0,0,17.2,10.6,300,1018.6,0.0,9.9,0,,0,10,59.35,78.17,57.86,41.44,58.09,61.02,58.0,37.38,63978.0,64.47
2022,10,19,2,5,28.8,20.1,21.6,74.15,0.0,0,,0,0,17.1,9.3,283,1018.5,0.0,9.9,0,,0,10,100.99,192.07,71.43,121.22,136.63,113.64,84.14,49.19,65976.0,164.17
2022,10,19,2,6,29.3,20.4,21.7,72.94,0.0,0,,0,0,15.0,10.0,292,1018.7,0.0,9.9,0,,0,10,145.81,165.59,100.53,84.07,117.65,164.6,133.18,90.66,70183.0,147.51
2022,10,19,2,7,28.3,18.8,21.0,73.61,0.0,0,,0,0,17.2,10.7,291,1018.9,3.8,9.4,2,0.0,0,10,58.12,61.8,57.39,47.13,50.55,59.56,58.36,89.71,75488.0,57.47
2022,10,19,2,8,28.7,20.3,21.9,75.38,0.0,0,,0,0,16.1,8.8,282,1019.4,3.9,9.9,63,0.2,1,10,56.62,60.35,56.38,46.56,49.25,58.6,57.16,77.22,78035.0,56.14
2022,10,19,2,9,33.5,24.2,22.0,62.42,0.0,0,,0,0,16.1,13.1,291,1019.9,0.0,9.9,240,0.9,2,10,58.64,81.22,56.88,73.21,67.54,59.64,58.32,75.5,78301.0,77.17
2022,10,19,2,10,37.5,30.0,24.3,58.46,0.0,0,,0,0,16.1,11.4,282,1020.2,0.0,9.9,389,1.4,4,10,53.22,70.13,52.75,46.63,59.88,54.18,53.42,72.89,77251.0,66.02
2022,10,19,2,11,42.3,35.0,25.1,50.34,0.0,0,,0,0,18.3,14.1,288,1019.8,0.0,9.9,519,1.9,5,10,51.2,56.95,51.5,40.68,48.76,52.19,51.99,64.52,75637.0,53.03
2022,10,19,2,12,44.9,38.6,20.6,37.62,0.0,0,,0,0,17.2,13.4,270,1019.4,0.0,9.9,583,2.1,6,10,51.14,113.73,51.74,50.01,90.76,53.1,52.17,58.19,74112.0,104.43
2022,10,19,2,13,47.8,43.1,18.5,30.95,0.0,0,,0,0,18.2,10.5,269,1018.5,0.0,9.9,586,2.1,6,10,46.15,50.64,46.63,46.07,44.62,46.83,47.12,53.78,72825.0,47.62
2022,10,19,2,14,49.8,44.2,16.5,26.32,0.0,0,,0,0,25.2,15.8,254,1017.5,0.0,9.9,533,1.9,5,10,46.05,82.17,46.96,43.27,67.22,47.44,47.45,51.17,71939.0,75.39
2022,10,19,2,15,49.9,44.2,16.2,25.94,0.0,0,,0,0,29.9,15.9,253,1016.9,0.0,9.9,418,1.5,4,10,44.89,47.55,45.45,45.22,41.72,45.61,45.92,50.74,71108.0,44.38
2022,10,19,2,16,48.6,41.9,16.7,27.69,0.0,0,,0,0,25.8,19.1,278,1016.7,0.0,9.9,252,0.9,3,10,47.96,68.39,48.66,47.65,56.53,49.18,49.19,52.77,70680.0,62.91
2022,10,19,2,17,46.8,40.4,16.8,29.77,0.0,0,,0,0,22.8,15.6,269,1016.6,0.0,9.9,55,0.2,1,10,59.87,267.56,61.16,151.55,209.42,64.69,61.69,71.89,71095.0,246.69
2022,10,19,2,18,44.5,39.0,17.1,32.88,0.0,0,,0,0,16.1,10.8,258,1016.6,0.0,9.9,5,0.0,0,10,110.5,470.58,110.44,384.02,388.02,117.19,113.59,89.61,72669.0,441.18
2022,10,19,2,19,39.8,34.0,17.8,40.63,0.0,0,,0,0,15.9,8.9,251,1016.9,0.0,9.9,0,,0,10,55.68,83.73,55.95,49.41,71.69,57.47,56.31,72.71,74764.0,77.33
2022,10,19,2,20,37.4,30.9,18.7,46.41,0.0,0,,0,0,16.8,8.9,242,1017.0,0.0,9.9,0,,0,10,54.19,99.72,54.35,50.41,80.5,56.28,54.73,59.83,74789.0,91.48
2022,10,19,2,21,35.5,29.1,18.9,50.32,0.0,0,,0,0,15.9,8.1,242,1016.9,0.0,9.9,0,,0,10,67.65,59.35,57.73,57.54,26.01,61.39,58.07,51.29,73441.0,53.07
2022,10,19,2,22,32.5,26.3,19.8,58.98,0.0,0,,0,0,13.9,6.7,233,1016.9,0.0,9.9,0,,0,10,54.98,55.93,50.71,54.44,30.37,53.19,50.98,41.88,71159.0,51.32
2022,10,19,2,23,30.3,24.5,19.9,64.76,0.0,0,,0,0,14.3,5.7,230,1016.8,0.0,9.9,0,,0,10,,,,,,,,42.02,68285.0,
2022,10,20,3,0,29.3,21.7,18.2,62.83,0.0,0,,0,0,14.1,7.8,222,1016.1,0.0,9.9,0,,0,10,52.41,52.58,46.44,48.44,20.61,48.96,46.28,29.98,65675.0,47.52
2022,10,20,3,1,29.8,22.3,18.3,61.6,0.0,0,,0,0,14.5,7.8,222,1015.6,0.0,9.9,0,,0,10,52.23,53.43,50.97,42.72,26.72,52.46,50.63,26.55,63467.0,48.76
2022,10,20,3,2,28.3,22.0,19.2,68.22,0.0,0,,0,0,13.6,5.9,230,1014.9,0.0,9.9,0,,0,10,55.4,113.8,56.41,50.29,27.26,63.64,55.7,26.89,62648.0,76.71
2022,10,20,3,3,29.0,22.0,19.2,66.23,0.0,0,,0,0,14.3,6.9,222,1014.2,0.0,9.9,0,,0,10,49.26,67.82,49.95,44.11,10.96,54.48,49.6,23.44,62497.0,46.66
2022,10,20,3,4,28.3,22.0,19.2,68.42,0.0,0,,0,0,13.2,5.7,240,1013.7,3.8,9.9,0,,0,10,51.98,61.53,52.63,42.74,18.79,54.18,52.25,27.73,62966.0,47.78
2022,10,20,3,5,33.0,26.7,21.5,62.23,0.0,0,,0,0,14.1,7.1,231,1013.7,98.7,9.9,0,,0,10,65.1,87.03,66.6,67.89,34.91,68.7,69.86,46.56,64855.0,69.33
2022,10,20,3,6,33.5,27.1,20.7,59.06,0.0,0,,0,0,13.9,7.3,240,1013.1,58.8,9.9,0,,0,10,230.46,189.92,186.72,139.02,37.55,216.6,223.02,72.0,68939.0,159.53
2022,10,20,3,7,34.3,27.1,21.6,59.47,0.0,0,,0,0,15.0,9.0,223,1012.9,100.0,9.9,1,0.0,0,10,55.69,61.23,55.58,59.38,42.59,58.34,56.5,65.33,74243.0,56.85
2022,10,20,3,8,34.6,27.3,20.9,57.02,0.0,0,,0,0,15.7,9.1,223,1013.1,82.0,9.9,46,0.2,0,10,52.39,57.4,52.76,54.55,39.63,55.89,53.05,58.47,76812.0,53.18
2022,10,20,3,9,39.4,32.8,20.7,46.68,0.0,0,,0,0,21.5,10.4,214,1013.4,0.0,9.9,218,0.8,2,10,56.45,62.29,56.18,60.17,50.24,57.71,58.74,67.26,76903.0,59.27
2022,10,20,3,10,47.2,41.8,20.7,34.69,0.0,0,,0,0,21.3,12.2,222,1012.8,0.0,9.9,370,1.3,4,10,54.04,62.31,53.35,59.79,53.45,55.16,55.19,65.04,75761.0,59.91
2022,10,20,3,11,53.9,53.9,17.9,23.99,0.0,0,,0,0,18.3,14.7,223,1012.1,0.0,9.9,497,1.8,5,10,336.36,341.42,336.05,340.31,335.38,337.16,336.83,62.25,74236.0,339.55
2022,10,20,3,12,58.8,58.8,18.1,20.27,0.0,0,,0,0,18.5,14.7,222,1011.7,0.0,9.9,570,2.1,6,10,48.97,56.9,48.8,56.03,48.97,49.96,49.51,58.04,72838.0,54.33
2022,10,20,3,13,61.0,61.0,21.0,21.18,0.0,0,,0,0,23.6,16.6,223,1011.1,0.6,9.9,567,2.0,6,10,49.79,57.09,49.53,56.3,48.83,50.67,50.46,57.31,71765.0,54.33
2022,10,20,3,14,62.9,62.9,23.2,21.71,0.0,0,,0,0,22.8,15.8,239,1010.2,0.0,9.9,499,1.8,5,10,49.37,52.79,49.31,52.26,45.09,50.2,50.29,51.03,70952.0,50.28
2022,10,20,3,15,64.9,64.9,25.3,22.1,0.0,0,,0,0,23.3,16.5,230,1009.5,0.6,9.9,397,1.4,4,10,50.05,54.48,50.04,54.05,45.85,50.95,51.43,50.91,70102.0,51.81
2022,10,20,3,16,65.6,65.6,27.0,23.22,0.0,0,,0,0,17.1,16.3,230,1009.2,0.0,9.9,236,0.8,2,10,53.45,106.48,52.96,106.0,85.0,54.84,55.21,57.17,69516.0,101.4
2022,10,20,3,17,64.6,64.6,28.3,25.39,0.0,0,,0,0,16.1,12.8,229,1009.3,0.0,9.9,79,0.3,1,10,83.55,320.45,81.24,320.44,182.03,87.77,91.72,81.72,69611.0,306.28
2022,10,20,3,18,58.5,58.5,28.4,31.53,0.0,0,,0,0,12.3,8.4,218,1009.5,0.0,9.9,4,0.0,0,10,52.95,60.66,52.64,60.51,32.7,54.07,54.65,91.7,70806.0,58.03
2022,10,20,3,19,49.2,45.6,28.4,44.32,0.0,0,,0,0,17.2,8.4,200,1010.0,0.0,9.9,0,,0,10,43.85,49.33,44.13,49.01,21.94,44.82,44.9,67.59,72504.0,46.81
2022,10,20,3,20,47.4,43.0,29.9,50.58,0.0,0,,0,0,15.2,9.3,192,1010.3,0.0,9.9,0,,0,10,44.03,47.45,44.84,46.84,27.29,44.88,45.41,58.7,72518.0,44.6
2022,10,20,3,21,47.0,42.3,30.0,51.47,0.0,0,,0,0,17.4,10.2,182,1010.4,0.0,9.9,0,,0,10,73.03,81.85,74.37,81.0,35.29,74.45,75.88,52.9,70924.0,76.06
2022,10,20,3,22,48.6,43.8,30.0,48.33,0.0,0,,0,0,17.9,11.8,191,1010.3,0.0,9.9,0,,0,10,45.66,39.64,42.67,39.54,4.48,43.76,42.74,40.67,68281.0,35.75
2022,10,20,3,23,48.4,43.7,29.8,48.45,0.0,0,,0,0,19.9,11.0,193,1010.3,0.0,9.9,0,,0,10,,,,,,,,33.83,65170.0,
2022,10,21,4,0,47.4,42.1,29.8,50.3,0.0,0,,0,0,16.1,11.9,192,1010.1,0.0,9.9,0,,0,10,53.55,53.09,44.89,50.21,6.64,48.26,44.04,39.7,62449.0,42.96
2022,10,21,4,1,43.7,38.3,29.9,58.13,0.0,0,,0,0,18.8,9.7,190,1010.2,0.0,9.9,0,,0,10,54.43,46.14,45.68,44.12,10.22,49.05,45.11,36.29,59983.0,38.81
2022,10,21,4,2,44.1,38.5,30.0,57.38,0.0,0,,0,0,15.7,10.4,188,1010.0,0.0,9.9,0,,0,10,44.13,49.05,42.03,43.34,9.05,43.84,41.43,36.01,60119.0,29.64
2022,10,21,4,3,44.5,38.8,30.8,58.36,0.0,0,,0,0,18.3,11.0,189,1010.0,0.0,9.9,0,,0,10,47.36,53.39,43.71,52.14,11.88,46.96,42.97,34.86,59711.0,34.38
2022,10,21,4,4,42.5,37.1,30.9,63.27,0.0,0,,0,0,16.3,9.2,185,1010.0,0.0,9.9,0,,0,10,50.72,56.89,47.24,52.14,4.21,51.46,46.52,35.22,59997.0,38.34
2022,10,21,4,5,41.9,36.5,31.9,67.43,0.0,0,,0,0,14.1,8.8,189,1010.3,0.0,9.9,0,,0,10,55.94,60.78,47.92,52.25,4.01,51.8,47.69,51.01,61217.0,43.56
2022,10,21,4,6,42.0,36.4,32.0,67.33,0.0,0,,0,0,14.3,9.5,187,1010.7,0.0,9.9,0,,0,10,67.3,50.85,58.61,45.87,10.49,62.83,61.4,61.7,64065.0,28.87
2022,10,21,4,7,40.7,35.8,33.0,73.69,0.0,0,,0,0,16.3,7.4,178,1011.2,3.8,9.7,2,0.0,0,10,48.85,53.66,46.84,44.06,20.63,48.61,47.47,50.19,68853.0,39.59
2022,10,21,4,8,44.2,38.9,34.1,67.56,0.0,0,,0,0,17.9,9.7,189,1011.8,0.0,9.9,50,0.2,1,10,48.63,54.47,46.19,43.41,17.52,49.05,46.66,47.62,71063.0,36.73
2022,10,21,4,9,50.6,50.6,35.1,55.12,0.0,0,,0,0,25.7,13.3,201,1012.0,0.0,9.9,215,0.8,2,10,47.99,54.99,47.36,51.02,39.88,49.39,49.03,50.84,71442.0,47.69
2022,10,21,4,10,59.1,59.1,36.0,41.97,0.0,0,,0,0,18.1,14.5,203,1011.9,0.0,9.9,380,1.4,4,10,44.7,47.95,44.24,47.66,41.32,45.75,45.53,52.63,71159.0,45.2
2022,10,21,4,11,65.8,65.8,37.1,34.61,0.0,0,,0,0,20.8,16.3,202,1011.4,0.0,9.9,440,1.6,4,10,45.86,51.87,45.36,48.96,43.09,46.72,47.14,53.38,70915.0,46.47
2022,10,21,4,12,69.9,69.9,37.2,30.14,0.0,0,,0,0,18.3,18.7,202,1011.0,0.0,9.9,593,2.1,6,10,43.37,49.49,43.29,45.26,40.64,44.01,44.06,51.87,70762.0,43.04
2022,10,21,4,13,73.9,73.9,38.0,27.16,0.0,0,,0,0,29.8,20.7,202,1009.9,0.0,9.9,564,2.0,6,10,43.66,53.31,43.93,45.01,40.64,44.31,44.67,52.37,70776.0,42.73
2022,10,21,4,14,76.8,76.8,37.1,23.81,0.0,0,,0,0,31.6,19.2,202,1009.1,0.0,9.9,515,1.9,5,10,43.96,53.02,44.23,43.88,39.01,44.42,45.06,50.97,70896.0,41.51
2022,10,21,4,15,77.9,77.9,36.9,22.82,0.0,0,,0,0,33.9,24.2,201,1008.4,0.0,9.9,391,1.4,4,10,47.63,46.3,45.62,39.79,34.21,46.79,46.33,51.34,70817.0,37.82
2022,10,21,4,16,76.8,76.8,35.1,22.07,0.0,0,,0,0,34.2,22.8,199,1008.4,0.0,9.9,243,0.9,2,10,,,,,,,,54.79,70596.0,
2022,10,21,4,17,74.5,74.5,35.9,24.54,0.0,0,,0,0,30.4,15.8,200,1008.7,0.0,9.9,82,0.3,1,10,46.46,54.78,47.36,43.14,86.34,48.66,48.03,71.63,70471.0,44.06
2022,10,21,4,18,67.9,67.9,36.0,30.87,0.0,0,,0,0,17.2,10.4,174,1008.8,0.0,9.9,4,0.0,0,10,42.45,61.4,43.41,40.66,54.47,44.02,43.97,76.12,70805.0,48.35
2022,10,21,4,19,65.7,65.7,37.1,34.72,0.0,0,,0,0,16.1,16.3,182,1009.3,0.0,9.9,0,,0,10,42.96,56.78,44.12,32.22,49.42,44.4,44.56,60.42,70989.0,46.16
2022,10,21,4,20,63.8,63.8,37.1,37.0,0.0,0,,0,0,16.1,14.9,182,1009.7,0.0,9.9,0,,0,10,81.77,90.45,82.53,81.14,72.4,82.6,84.02,49.77,70253.0,79.53
2022,10,21,4,21,60.8,60.8,37.0,41.02,0.0,0,,0,0,20.8,12.3,171,1010.0,0.0,9.9,0,,0,10,,,,,,,,39.44,68407.0,
2022,10,21,4,22,58.6,58.6,37.1,44.55,0.0,0,,0,0,16.1,15.1,170,1010.2,0.0,9.9,0,,0,10,43.15,32.04,39.0,27.96,16.1,40.01,38.99,33.71,65881.0,25.46
2022,10,21,4,23,57.4,57.4,37.9,48.02,0.0,0,,0,0,16.1,14.8,169,1010.2,0.0,9.9,0,,0,10,,,,,,,,26.89,62943.0,
2022,10,22,5,0,57.2,57.2,38.8,50.07,0.0,0,,0,0,17.2,13.8,169,1010.1,0.0,9.9,0,,0,10,37.46,33.31,35.92,23.79,7.42,36.56,35.47,25.27,60120.0,-2.66
2022,10,22,5,1,56.9,56.9,41.7,56.59,0.0,0,,0,0,17.2,12.3,166,1010.1,0.0,9.9,0,,0,10,31.76,29.25,31.67,18.9,0.7,32.03,31.16,21.17,57515.0,-12.8
2022,10,22,5,2,55.0,55.0,41.8,60.93,0.0,0,,0,0,16.1,9.5,165,1010.4,0.0,9.9,0,,0,10,31.51,27.24,30.51,19.44,-0.33,31.15,29.98,19.86,56393.0,-13.47
2022,10,22,5,3,52.9,52.9,42.5,67.65,0.0,0,,0,0,16.6,8.6,147,1010.4,0.0,9.9,0,,0,10,41.05,41.3,31.87,34.38,0.25,34.47,31.09,18.51,55494.0,2.25
2022,10,22,5,4,51.9,51.9,43.4,72.75,0.0,0,,0,0,18.3,9.6,157,1010.1,0.0,9.9,0,,0,10,38.3,32.82,33.83,26.84,4.24,35.23,33.24,18.84,55180.0,-3.0
2022,10,22,5,5,51.1,51.1,44.3,77.37,0.0,0,,0,0,15.9,10.6,150,1010.5,0.0,9.9,0,,0,10,41.09,36.05,38.06,28.26,6.38,39.32,37.41,23.78,55144.0,-5.06
2022,10,22,5,6,52.0,52.0,45.5,78.53,0.0,0,,0,0,18.6,13.7,159,1010.8,0.0,9.9,0,,0,10,50.09,63.39,43.78,62.86,21.47,46.25,42.59,25.9,56524.0,16.59
2022,10,22,5,7,52.3,52.3,46.6,81.03,0.0,0,,0,0,20.6,13.6,160,1010.8,0.0,9.9,3,0.0,0,10,52.65,43.0,44.43,39.91,20.65,46.9,43.7,28.01,58337.0,11.29
2022,10,22,5,8,53.7,53.7,47.8,80.23,0.0,0,,0,0,16.1,13.9,159,1011.5,0.0,9.9,61,0.2,1,10,46.21,36.8,42.65,32.0,22.28,43.83,42.07,30.11,60084.0,-0.39
2022,10,22,5,9,57.9,57.9,48.9,71.76,0.0,0,,0,0,27.5,17.4,169,1012.0,0.0,9.9,232,0.8,2,10,44.41,33.69,41.7,29.08,20.35,42.65,41.45,34.53,61604.0,20.21
2022,10,22,5,10,65.0,65.0,51.0,60.59,0.0,0,,0,0,23.7,18.1,179,1012.5,0.0,9.9,378,1.4,4,10,43.38,44.55,43.6,37.25,37.46,43.47,43.43,33.16,62742.0,39.45
2022,10,22,5,11,69.9,69.9,51.2,51.47,0.0,0,,0,0,28.5,22.9,179,1012.2,0.0,9.9,493,1.8,5,10,40.7,39.75,40.66,33.78,30.24,40.21,40.91,35.74,63689.0,34.48
2022,10,22,5,12,73.9,73.9,52.0,46.34,0.0,0,,0,0,32.0,20.2,172,1011.9,0.0,9.9,563,2.0,6,10,39.7,41.05,40.8,33.06,37.11,39.99,41.09,31.44,64715.0,38.05
2022,10,22,5,13,75.7,75.7,52.0,43.58,0.0,0,,0,0,29.8,20.2,179,1011.2,0.0,9.9,579,2.1,6,10,36.9,29.07,35.81,25.08,12.04,35.81,36.36,30.8,65709.0,14.37
2022,10,22,5,14,78.7,78.7,52.9,40.75,0.0,0,,0,0,28.7,20.4,169,1010.7,0.0,9.9,563,2.0,6,10,39.09,30.8,38.3,23.69,4.46,38.11,39.04,27.8,66646.0,2.45
2022,10,22,5,15,75.3,75.3,52.9,45.68,0.0,0,,0,0,33.0,21.4,170,1010.5,0.0,9.9,237,0.9,2,3,44.35,33.28,42.87,26.58,5.1,42.74,43.65,29.41,67613.0,7.44
2022,10,22,5,16,78.4,78.4,53.0,41.37,0.0,0,,0,0,30.7,18.0,160,1010.4,0.0,9.9,264,1.0,3,3,43.08,40.7,42.88,31.91,12.33,42.4,43.56,31.71,68558.0,8.98
2022,10,22,5,17,78.5,78.5,50.3,37.3,0.0,0,,0,0,31.9,19.8,180,1010.5,0.0,9.9,74,0.3,1,3,43.88,48.52,44.27,40.8,33.23,43.9,44.83,42.34,69190.0,32.45
2022,10,22,5,18,72.9,72.9,49.1,43.0,0.0,0,,0,0,31.5,14.1,180,1010.9,0.0,9.9,1,0.0,0,10,41.63,43.98,42.28,40.05,33.27,42.14,42.55,45.77,69595.0,29.69
2022,10,22,5,19,69.8,69.8,52.0,53.13,0.0,0,,0,0,30.1,18.6,179,1011.9,0.0,9.9,0,,0,10,41.31,43.48,42.29,28.99,18.39,42.16,42.3,30.87,69859.0,7.85
2022,10,22,5,20,66.6,66.6,52.9,61.31,0.0,0,,0,0,17.7,16.2,160,1012.3,0.0,9.9,0,,0,10,40.22,38.68,39.92,26.29,11.18,39.63,40.36,22.56,69256.0,-0.34
2022,10,22,5,21,65.5,65.5,53.0,64.01,0.0,0,,0,0,20.8,16.1,158,1012.8,0.0,9.9,0,,0,10,40.65,32.33,39.84,22.55,7.95,39.8,40.26,16.35,67615.0,-8.12
2022,10,22,5,22,64.5,64.5,53.0,66.1,0.0,0,,0,0,24.0,16.2,161,1013.6,0.0,9.9,0,,0,10,36.86,28.9,35.02,18.49,8.84,36.32,34.63,12.85,65339.0,-15.74
2022,10,22,5,23,63.6,63.6,52.0,65.97,0.0,0,,0,0,20.8,14.5,162,1014.3,0.0,9.9,0,,0,10,,,,,,,,9.52,63033.0,
2022,10,23,6,0,63.6,63.6,51.9,65.74,0.0,0,,0,0,16.1,13.2,161,1014.5,0.0,9.9,0,,0,10,27.03,26.41,26.85,16.64,17.29,27.55,26.42,3.6,60560.0,-16.03
2022,10,23,6,1,62.5,62.5,51.1,66.12,0.0,0,,0,0,21.5,14.3,142,1014.2,1.0,9.9,0,,0,10,28.54,20.46,26.82,10.26,1.1,28.01,26.44,1.23,57526.0,-22.42
2022,10,23,6,2,58.1,58.1,50.1,74.83,0.0,0,,0,0,19.0,10.3,134,1013.7,25.2,9.9,0,,0,10,26.61,23.15,25.99,10.78,1.2,27.03,25.45,1.27,56347.0,-28.9
2022,10,23,6,3,60.1,60.1,51.1,72.29,0.0,0,,0,0,18.3,13.5,142,1013.5,6.1,9.9,0,,0,10,,,,,,,,0.16,55343.0,
2022,10,23,6,4,61.1,61.1,51.2,69.93,0.0,0,,0,0,16.1,15.5,152,1013.2,29.0,9.9,0,,0,10,26.57,17.34,24.46,11.2,7.33,25.76,24.16,1.38,54798.0,-10.84
2022,10,23,6,5,61.1,61.1,51.2,69.85,0.0,0,,0,0,16.3,14.4,151,1013.2,54.8,9.9,0,,0,10,28.97,22.13,27.32,15.58,11.86,28.67,26.92,2.46,54811.0,-10.93
2022,10,23,6,6,63.6,63.6,51.9,65.81,0.0,0,,0,0,18.3,16.4,159,1013.4,99.2,9.9,0,,0,10,32.19,23.45,29.44,18.84,4.94,31.11,29.21,8.63,55229.0,-3.89
2022,10,23,6,7,63.6,63.6,52.0,66.0,0.0,0,,0,0,29.7,16.2,161,1013.5,96.2,9.9,2,0.0,0,10,33.73,26.23,31.24,19.59,15.62,32.89,30.85,13.83,55929.0,-8.35
2022,10,23,6,8,63.8,63.8,52.1,65.67,0.0,0,,0,0,31.1,19.3,169,1013.7,5.4,9.9,49,0.2,0,10,29.07,27.99,28.67,22.05,23.52,29.28,28.5,15.96,57296.0,-9.6
2022,10,23,6,9,66.8,66.8,53.0,61.27,0.0,0,,0,0,33.4,22.3,171,1014.2,0.6,9.9,196,0.7,2,10,33.57,37.07,33.06,25.95,5.45,33.29,33.14,19.29,59271.0,-9.23
2022,10,23,6,10,70.0,70.0,53.9,56.69,0.0,0,,0,0,39.2,27.9,181,1014.4,1.0,9.9,354,1.3,4,10,40.45,44.63,40.33,31.8,3.53,40.07,40.73,19.25,61442.0,1.97
2022,10,23,6,11,73.9,73.9,55.0,51.8,0.0,0,,0,0,38.1,28.3,171,1014.1,0.0,9.9,382,1.4,4,10,41.46,38.37,40.4,25.56,2.39,40.03,42.34,19.56,63556.0,7.9
2022,10,23,6,12,75.8,75.8,55.0,48.59,0.0,0,,0,0,36.4,25.2,172,1013.6,0.0,9.9,543,2.0,5,10,43.07,40.85,42.14,27.21,1.47,41.63,44.97,20.45,65705.0,12.14
2022,10,23,6,13,78.0,78.0,55.9,46.48,0.0,0,,0,0,39.4,26.4,171,1012.8,22.9,9.9,553,2.0,6,5,43.76,44.02,43.08,27.72,1.5,42.63,46.03,21.0,67649.0,9.09
2022,10,23,6,14,78.9,78.9,55.9,45.23,0.0,0,,0,0,46.2,30.7,162,1012.4,3.8,9.9,348,1.3,3,3,42.8,46.44,42.48,27.88,1.83,42.13,44.77,22.46,69254.0,7.72
2022,10,23,6,15,75.2,75.2,55.0,49.53,0.0,0,,0,0,41.7,28.3,171,1012.0,29.7,9.9,144,0.5,1,3,43.01,45.78,42.91,28.88,1.68,42.44,45.11,27.37,70695.0,10.12
2022,10,23,6,16,75.6,75.6,54.7,48.34,0.0,0,,0,0,37.2,22.6,161,1011.6,22.9,9.9,109,0.4,1,10,49.1,45.19,47.37,32.68,21.43,47.67,50.12,35.71,71879.0,19.25
2022,10,23,6,17,76.6,76.6,53.6,44.87,0.0,0,,0,0,40.7,25.4,161,1011.5,0.0,9.9,85,0.3,1,10,48.39,51.48,47.38,39.77,42.12,47.57,49.87,45.84,72729.0,34.44
2022,10,23,6,18,73.0,73.0,51.6,47.1,0.0,0,,0,0,36.6,21.7,162,1011.8,0.0,9.9,3,0.0,0,10,46.74,54.1,47.26,45.05,68.61,47.09,49.49,50.82,73274.0,37.85
2022,10,23,6,19,70.9,70.9,48.8,45.49,0.0,0,,0,0,31.4,17.8,160,1012.5,3.8,9.9,0,,0,10,46.67,46.52,46.94,37.77,35.67,46.65,50.34,37.36,73666.0,22.89
2022,10,23,6,20,69.9,69.9,48.7,46.88,0.0,0,,0,0,25.3,17.7,152,1012.9,26.7,9.9,0,,0,10,44.62,38.05,43.95,33.52,13.5,43.78,46.56,24.91,73049.0,24.98
2022,10,23,6,21,68.9,68.9,47.0,45.64,0.0,0,,0,0,29.0,16.6,159,1012.9,45.1,9.9,0,,0,10,38.4,32.79,38.26,26.61,7.96,38.04,38.99,16.38,70985.0,8.68
2022,10,23,6,22,67.6,67.6,46.2,46.28,0.0,0,,0,0,29.2,18.5,160,1013.3,0.0,9.9,0,,0,10,37.67,28.25,36.09,21.96,6.69,36.48,36.44,11.76,67950.0,5.85
2022,10,23,6,23,66.5,66.5,46.1,47.87,0.0,0,,0,0,21.9,16.6,160,1013.4,0.0,9.9,0,,0,10,,,,,,,,7.55,64989.0,
2022,10,24,0,0,65.8,65.8,45.1,47.14,0.0,0,,0,0,26.9,17.9,169,1013.3,22.9,9.9,0,,0,10,30.22,30.6,30.25,20.96,17.23,30.97,30.25,2.25,61884.0,-5.79
2022,10,24,0,1,64.1,64.1,44.9,49.68,0.0,0,,0,0,25.3,15.1,161,1013.3,0.0,9.9,0,,0,10,26.2,26.94,26.15,15.51,8.93,27.52,25.82,0.12,59298.0,-17.9
2022,10,24,0,2,63.1,63.1,44.9,51.44,0.0,0,,0,0,24.2,16.8,162,1013.1,0.0,9.9,0,,0,10,27.14,28.05,27.5,17.46,11.04,28.11,27.26,-0.9,58354.0,-14.2
2022,10,24,0,3,64.0,64.0,44.1,48.25,0.0,0,,0,0,23.0,16.7,170,1013.5,0.0,9.9,0,,0,10,27.1,21.12,25.68,13.53,14.1,26.84,25.45,-0.21,57700.0,-9.72
2022,10,24,0,4,64.0,64.0,44.1,48.3,0.0,0,,0,0,24.9,18.3,170,1013.3,77.2,9.9,0,,0,10,31.29,36.28,32.2,24.14,20.41,33.41,31.82,2.5,57888.0,-12.06
2022,10,24,0,5,62.8,62.8,44.1,50.37,0.0,0,,0,0,19.7,15.1,159,1014.0,3.9,9.9,0,,0,10,41.28,54.61,42.92,49.65,12.49,44.33,41.77,15.58,58990.0,-6.74
2022,10,24,0,6,62.0,62.0,44.8,53.36,0.0,0,,0,0,19.7,13.5,161,1014.3,0.0,9.9,0,,0,10,42.95,49.63,43.5,39.2,26.79,45.02,48.32,29.44,62473.0,15.44
2022,10,24,0,7,61.9,61.9,44.9,53.68,0.0,0,,0,0,21.9,14.4,169,1014.3,0.0,9.9,3,0.0,0,10,40.52,44.17,40.74,30.05,47.67,41.84,41.93,28.4,66537.0,11.07
2022,10,24,0,8,62.8,62.8,46.0,54.2,0.0,0,,0,0,28.9,16.5,168,1014.4,0.0,9.9,46,0.2,0,10,38.83,56.74,39.05,39.3,51.31,45.31,39.86,28.31,69171.0,14.67
2022,10,24,0,9,65.8,65.8,47.0,50.58,0.0,0,,0,0,29.2,19.8,170,1014.3,0.0,9.9,143,0.5,1,10,36.59,55.27,41.7,40.88,26.43,43.79,37.34,35.95,70699.0,17.97
2022,10,24,0,10,68.1,68.1,48.8,50.21,0.0,0,,0,0,30.4,17.7,171,1014.2,0.0,9.9,166,0.6,2,10,98.05,110.16,98.72,100.33,110.13,99.59,107.42,37.18,72023.0,92.64
2022,10,24,0,11,73.5,73.5,51.1,45.34,0.0,0,,0,0,31.9,21.6,170,1013.6,0.0,9.9,366,1.3,4,10,48.61,55.27,48.79,51.03,57.3,49.2,53.92,39.61,73441.0,48.62
2022,10,24,0,12,74.7,74.7,53.0,46.79,0.0,0,,0,0,32.0,18.5,170,1013.2,0.0,9.9,253,0.9,3,10,47.18,50.69,47.62,46.87,51.1,47.78,56.47,41.12,74995.0,46.74
2022,10,24,0,13,74.9,74.9,53.9,48.05,0.0,0,,0,0,31.5,21.7,171,1012.5,22.9,9.9,218,0.8,2,10,51.1,61.34,51.79,35.19,58.26,52.0,58.23,41.37,76423.0,49.45
2022,10,24,0,14,77.6,77.6,55.0,45.66,0.0,0,,0,0,31.9,22.8,161,1011.6,0.0,9.9,388,1.4,4,10,44.63,64.93,45.35,36.82,41.57,45.34,46.69,42.03,77496.0,43.09
2022,10,24,0,15,76.8,76.8,54.0,45.3,0.0,0,,0,0,36.5,24.6,161,1011.0,4.9,9.9,198,0.7,2,10,43.97,64.03,45.16,36.6,34.0,44.74,45.94,46.25,77918.0,42.15
2022,10,24,0,16,76.6,76.6,53.9,45.43,0.0,0,,0,0,34.2,19.9,154,1010.7,0.6,9.9,141,0.5,1,10,47.0,66.95,48.82,32.68,35.92,48.0,49.95,50.12,77945.0,44.39
2022,10,24,0,17,74.7,74.7,52.9,46.74,0.0,0,,0,0,35.0,19.3,160,1010.2,0.0,9.9,48,0.2,0,10,47.69,67.94,49.32,42.38,35.56,48.53,50.57,63.65,77828.0,45.85
2022,10,24,0,18,72.8,72.8,50.1,44.7,0.0,0,,0,0,31.5,20.8,159,1009.7,0.0,9.9,2,0.0,0,10,58.56,78.76,60.55,39.04,41.69,59.6,64.05,72.29,77634.0,55.17
2022,10,24,0,19,70.7,70.7,48.9,45.98,0.0,0,,0,0,31.1,17.5,151,1009.8,0.0,9.9,0,,0,10,47.34,68.71,49.04,32.22,31.21,48.82,50.44,55.43,77638.0,42.31
2022,10,24,0,20,67.7,67.7,46.5,46.65,0.0,0,,0,0,28.9,17.2,158,1010.0,0.0,9.9,0,,0,10,43.83,57.8,45.23,35.23,25.69,46.9,46.29,41.86,76454.0,30.83
2022,10,24,0,21,67.6,67.6,46.2,46.23,0.0,0,,0,0,27.7,16.4,151,1009.3,0.0,9.9,0,,0,10,45.57,51.24,46.82,42.75,39.93,48.32,48.15,37.83,73986.0,35.36
2022,10,24,0,22,67.7,67.7,44.9,43.88,0.0,0,,0,0,24.2,15.6,152,1010.1,27.4,9.9,0,,0,10,41.46,51.65,42.2,41.85,34.52,45.42,42.32,29.44,70945.0,29.0
2022,10,24,0,23,67.4,67.4,43.1,41.44,0.0,0,,0,0,21.9,15.9,161,1009.8,0.0,9.9,0,,0,10,,,,,,,,26.3,67187.0,
2022,10,25,1,0,66.2,66.2,42.3,41.85,0.0,0,,0,0,21.3,16.0,162,1009.6,84.4,9.9,0,,0,10,39.62,47.11,39.33,34.97,24.42,42.37,39.11,23.25,63742.0,25.14
2022,10,25,1,1,65.5,65.5,43.0,44.01,0.0,0,,0,0,18.6,13.3,162,1009.1,92.1,9.9,0,,0,10,41.48,38.59,40.08,29.35,13.02,44.24,39.8,23.19,61151.0,18.65
2022,10,25,1,2,64.7,64.7,43.0,45.31,0.0,0,,0,0,15.9,11.1,172,1008.6,100.0,9.9,0,,0,10,35.85,32.65,35.1,28.09,17.96,37.4,34.71,22.99,60457.0,22.12
2022,10,25,1,3,62.7,62.7,43.9,50.07,0.0,0,,0,0,12.8,5.9,188,1008.5,100.0,9.9,0,,0,10,42.34,30.23,40.22,24.88,9.42,42.82,39.87,23.56,59623.0,20.83
2022,10,25,1,4,57.2,57.2,51.3,80.81,0.01,100,rain,0,0,15.4,4.8,197,1008.1,100.0,6.8,0,,0,10,42.51,41.9,40.9,28.04,13.21,44.84,40.19,29.68,59614.0,20.96
2022,10,25,1,5,56.7,56.7,52.1,84.36,0.02,100,rain,0,0,23.3,7.7,135,1007.7,100.0,6.8,0,,0,10,46.26,58.6,46.15,29.67,31.98,48.21,44.8,40.73,60545.0,36.49
2022,10,25,1,6,57.4,57.4,53.9,87.99,0.01,100,rain,0,0,15.0,4.8,133,1007.2,100.0,8.1,0,,0,10,46.95,65.79,47.65,38.28,45.41,49.33,45.38,57.43,62775.0,48.62
2022,10,25,1,7,56.6,56.6,54.0,90.76,0.06,100,rain,0,0,14.1,6.8,121,1006.7,100.0,6.4,0,,0,10,46.86,56.8,48.35,48.56,53.33,48.85,44.5,55.81,67284.0,54.19
2022,10,25,1,8,57.5,57.5,55.2,91.72,0.03,100,rain,0,0,15.7,5.9,115,1006.2,100.0,9.9,3,0.0,0,10,43.32,58.95,44.25,56.97,56.37,45.04,41.57,52.04,69602.0,56.75
2022,10,25,1,9,59.7,59.7,56.1,87.85,0.0,0,,0,0,20.1,6.9,130,1006.1,100.0,9.7,27,0.1,0,10,66.04,417.71,65.7,410.46,393.18,75.97,57.73,57.15,70637.0,402.74
2022,10,25,1,10,60.7,60.7,57.8,90.25,0.01,100,rain,0,0,21.5,12.1,138,1005.3,100.0,9.7,37,0.1,0,10,42.32,45.92,43.29,45.3,43.01,43.72,42.35,54.62,71397.0,44.09
2022,10,25,1,11,61.8,61.8,58.0,87.48,0.01,100,rain,0,0,24.8,18.3,149,1004.5,100.0,9.9,64,0.2,1,10,42.72,49.2,43.78,48.86,44.62,44.29,42.59,51.3,72191.0,47.53
2022,10,25,1,12,60.8,60.8,59.0,93.83,0.06,100,rain,0,0,25.0,15.1,153,1004.2,100.0,3.6,41,0.1,0,10,41.16,48.36,43.24,47.88,31.48,43.95,41.25,44.5,72681.0,52.15
2022,10,25,1,13,63.7,63.7,61.0,90.86,0.21,100,rain,0,0,30.3,19.8,150,1002.3,100.0,9.9,79,0.3,1,10,40.75,52.75,41.79,42.7,20.22,42.9,38.5,42.7,72966.0,29.78
2022,10,25,1,14,63.8,63.8,61.0,90.63,0.07,100,rain,0,0,29.6,16.4,159,1001.7,100.0,4.9,6,0.0,0,10,38.73,46.0,40.51,37.41,28.96,41.23,35.9,39.59,72954.0,33.66
2022,10,25,1,15,62.7,62.7,61.1,94.46,0.33,100,rain,0,0,18.1,14.1,202,1002.5,100.0,2.9,12,0.0,0,10,40.74,65.79,41.6,44.69,22.56,43.7,40.78,42.63,72509.0,22.0
2022,10,25,1,16,61.9,61.9,61.0,96.83,0.15,100,rain,0,0,20.1,6.9,191,1003.4,100.0,4.7,26,0.1,0,10,41.87,71.68,43.86,48.58,25.74,46.11,41.08,39.98,71938.0,21.35
2022,10,25,1,17,61.9,61.9,59.2,90.98,0.03,100,rain,0,0,21.0,10.8,74,1000.5,83.1,9.9,26,0.1,0,10,48.43,70.66,51.6,53.85,36.96,57.23,49.06,53.79,71723.0,31.75
2022,10,25,1,18,60.9,60.9,59.1,93.77,0.0,0,,0,0,15.2,5.3,87,1001.2,89.9,9.9,10,0.0,0,10,48.7,65.29,49.69,63.24,61.14,50.24,48.56,62.81,72198.0,61.51
2022,10,25,1,19,60.7,60.7,58.9,93.86,0.0,0,,0,0,15.0,9.0,75,1002.0,90.8,9.9,0,,0,10,47.49,53.22,47.73,45.77,50.42,48.49,46.82,47.4,73375.0,48.94
2022,10,25,1,20,60.3,60.3,58.5,93.85,0.0,0,,0,0,6.7,7.6,47,1001.6,100.0,9.9,0,,0,10,44.31,53.2,44.58,49.17,55.09,45.54,43.46,39.32,72766.0,48.35
2022,10,25,1,21,54.8,54.8,53.8,96.33,0.02,100,rain,0,0,12.1,14.4,351,1002.1,100.0,6.3,0,,0,10,41.02,54.39,45.16,43.31,35.79,46.46,40.36,33.24,70770.0,27.56
2022,10,25,1,22,53.2,53.2,52.4,96.96,0.0,0,rain,0,0,16.1,18.5,325,1002.2,100.0,9.9,0,,0,10,35.47,44.56,37.99,37.17,33.2,39.08,35.08,26.4,67714.0,26.35
2022,10,25,1,23,49.8,43.4,48.7,96.05,0.0,0,rain,0,0,29.1,19.4,331,1002.7,100.0,9.9,0,,0,10,,,,,,,,19.94,64356.0,
2022,10,26,2,0,47.8,40.6,47.0,97.03,0.0,0,,0,0,31.9,20.4,330,1003.1,100.0,9.3,0,,0,10,22.74,36.65,27.66,25.6,17.66,28.43,22.79,19.51,61783.0,7.84
2022,10,26,2,1,46.8,38.9,44.9,93.12,0.01,100,rain,0,0,34.4,22.5,333,1003.7,100.0,7.3,0,,0,10,19.55,34.09,25.13,22.46,10.91,26.03,20.0,17.98,60157.0,3.52
2022,10,26,2,2,45.9,37.9,43.9,92.9,0.0,0,rain,0,0,33.8,21.5,324,1005.4,100.0,8.1,0,,0,10,22.11,35.34,27.09,24.94,14.55,27.84,22.62,18.71,58863.0,7.44
2022,10,26,2,3,44.8,36.6,43.1,93.72,0.18,100,rain,0,0,30.3,20.7,331,1006.5,100.0,3.6,0,,0,10,25.75,35.44,29.12,27.57,18.66,29.7,25.96,19.11,58307.0,14.31
2022,10,26,2,4,44.7,37.0,42.1,90.68,0.15,100,rain,0,0,26.5,18.5,321,1008.0,100.0,7.3,0,,0,10,28.68,37.52,31.11,30.39,22.89,31.96,28.79,23.95,58594.0,19.6
2022,10,26,2,5,44.6,37.1,42.0,90.24,0.0,0,,0,0,27.9,17.7,312,1009.5,100.0,9.9,0,,0,10,38.3,44.63,39.04,40.56,35.98,40.02,38.35,35.1,60226.0,34.71
2022,10,26,2,6,43.8,35.5,39.8,85.82,0.0,0,,0,0,19.7,19.6,320,1010.7,100.0,9.9,0,,0,10,49.19,51.69,48.87,51.02,49.33,49.7,49.23,54.82,64170.0,48.5
2022,10,26,2,7,42.7,35.7,38.9,86.22,0.0,0,,0,0,17.2,13.7,311,1012.0,91.3,9.9,2,0.0,0,10,49.86,63.62,49.05,62.58,63.95,50.56,48.75,60.13,68608.0,60.27
2022,10,26,2,8,42.1,35.2,38.9,88.44,0.0,0,,0,0,28.4,12.6,302,1013.1,0.0,9.9,50,0.2,1,10,42.61,45.5,42.81,38.59,46.88,43.63,42.75,60.13,71429.0,42.81
2022,10,26,2,9,43.9,37.2,39.5,84.43,0.0,0,,0,0,20.8,13.9,302,1014.6,0.0,9.9,209,0.8,2,10,47.62,49.43,47.41,48.38,50.93,47.89,47.74,63.03,72037.0,46.79
2022,10,26,2,10,46.0,39.3,39.6,78.19,0.0,0,,0,0,23.0,15.8,319,1015.6,0.0,9.9,376,1.4,4,10,46.79,47.78,46.72,47.04,70.1,47.29,46.75,61.07,71832.0,42.9
2022,10,26,2,11,48.6,42.0,39.6,70.95,0.0,0,,0,0,24.2,19.1,311,1016.4,0.0,9.9,493,1.8,5,10,,,,,,,,56.17,71464.0,
2022,10,26,2,12,51.8,51.8,40.7,65.77,0.0,0,,0,0,20.8,15.7,327,1016.8,0.0,9.9,560,2.0,6,10,42.65,44.39,43.03,40.41,44.55,43.0,43.16,52.8,71056.0,41.87
2022,10,26,2,13,52.9,52.9,39.7,60.77,0.0,0,,0,0,21.9,14.7,322,1017.0,0.0,9.9,564,2.0,6,10,41.02,42.7,41.68,35.07,41.19,41.5,41.77,49.98,70712.0,40.18
2022,10,26,2,14,54.8,54.8,39.8,56.86,0.0,0,,0,0,24.1,17.0,303,1017.0,0.0,9.9,500,1.8,5,10,39.4,40.9,40.25,31.08,37.83,39.87,40.54,48.75,70417.0,38.5
2022,10,26,2,15,54.8,54.8,38.8,54.67,0.0,0,,0,0,19.7,13.4,312,1017.6,0.0,9.9,375,1.4,4,10,42.17,43.84,43.23,31.61,40.18,42.75,43.58,49.8,70073.0,41.31
2022,10,26,2,16,55.6,55.6,37.9,51.28,0.0,0,,0,0,21.3,12.3,321,1017.9,0.0,9.9,225,0.8,2,10,46.81,49.07,47.74,43.82,46.22,47.43,48.02,53.96,69850.0,47.02
2022,10,26,2,17,53.6,53.6,37.9,55.15,0.0,0,,0,0,17.0,11.8,321,1018.4,0.0,9.9,71,0.3,1,10,48.64,54.24,49.31,53.16,52.91,49.39,49.34,75.88,70036.0,52.56
2022,10,26,2,18,48.0,44.1,38.0,68.12,0.0,0,,0,0,10.3,8.6,320,1019.3,0.0,9.9,3,0.0,0,10,53.5,57.25,53.84,56.07,56.42,54.46,53.56,85.13,70981.0,55.57
2022,10,26,2,19,46.0,42.6,37.1,70.85,0.0,0,,0,0,9.2,6.6,336,1020.0,0.0,9.9,0,,0,10,45.62,48.85,46.28,47.78,46.93,46.51,46.16,64.85,72365.0,47.3
2022,10,26,2,20,41.4,37.1,35.3,78.89,0.0,0,,0,0,8.7,6.6,345,1020.8,0.0,9.9,0,,0,10,,,,,,,,55.52,,
2022,10,26,2,21,42.1,38.5,36.0,78.8,0.0,0,,0,0,8.1,5.6,338,1021.0,0.0,9.9,0,,0,10,,,,,,,,47.47,,
2022,10,26,2,22,43.6,43.6,35.9,74.35,0.0,0,,0,0,9.8,0.6,360,1021.4,0.0,9.9,0,,0,10,,,,,,,,42.01,,
2022,10,26,2,23,39.0,36.3,35.1,85.73,0.0,0,,0,0,6.7,4.0,9,1021.7,0.0,9.9,0,,0,10,,,,,,,,38.8,,
